player_id,fixture,opponent_team,total_points,was_home,kickoff_time,team_h_score,team_a_score,round,minutes,goals_scored,assists,clean_sheets,goals_conceded,own_goals,penalties_saved,penalties_missed,yellow_cards,red_cards,saves,bonus,bps,influence,creativity,threat,ict_index,value,transfers_balance,selected,transfers_in,transfers_out
1,1,3,1,False,2021-08-13T19:00:00Z,2,0,1,90,0,0,0,2,0,0,0,0,0,1,0,11,11.8,0.0,0.0,1.2,50,0,153122,0,0
2,1,3,0,False,2021-08-13T19:00:00Z,2,0,1,0,0,0,0,0,0,0,0,0,0,0,0,0,0.0,0.0,0.0,0.0,40,0,91500,0,0
3,1,3,0,False,2021-08-13T19:00:00Z,2,0,1,0,0,0,0,0,0,0,0,0,0,0,0,0,0.0,0.0,0.0,0.0,65,0,22000,0,0
4,1,3,0,False,2021-08-13T19:00:00Z,2,0,1,0,0,0,0,0,0,0,0,0,0,0,0,0,0.0,0.0,0.0,0.0,100,0,200068,0,0
5,1,3,0,False,2021-08-13T19:00:00Z,2,0,1,0,0,0,0,0,0,0,0,0,0,0,0,0,0.0,0.0,0.0,0.0,45,0,17385,0,0
6,1,3,0,False,2021-08-13T19:00:00Z,2,0,1,0,0,0,0,0,0,0,0,0,0,0,0,0,0.0,0.0,0.0,0.0,85,0,192345,0,0
7,1,3,2,False,2021-08-13T19:00:00Z,2,0,1,90,0,0,0,2,0,0,0,0,0,0,0,13,15.2,24.7,5.0,4.5,50,0,61422,0,0
8,1,3,1,False,2021-08-13T19:00:00Z,2,0,1,90,0,0,0,2,0,0,0,0,0,0,0,14,16.6,1.3,7.0,2.5,45,0,9359,0,0
9,1,3,0,False,2021-08-13T19:00:00Z,2,0,1,0,0,0,0,0,0,0,0,0,0,0,0,0,0.0,0.0,0.0,0.0,50,0,72864,0,0
10,1,3,1,False,2021-08-13T19:00:00Z,2,0,1,80,0,0,0,2,0,0,0,0,0,0,0,14,13.2,16.8,12.0,4.2,45,0,26222,0,0
11,1,3,0,False,2021-08-13T19:00:00Z,2,0,1,0,0,0,0,0,0,0,0,0,0,0,0,0,0.0,0.0,0.0,0.0,45,0,9282,0,0
12,1,3,0,False,2021-08-13T19:00:00Z,2,0,1,0,0,0,0,0,0,0,0,0,0,0,0,0,0.0,0.0,0.0,0.0,45,0,44765,0,0
13,1,3,0,False,2021-08-13T19:00:00Z,2,0,1,0,0,0,0,0,0,0,0,0,0,0,0,0,0.0,0.0,0.0,0.0,55,0,6271,0,0
14,1,3,0,False,2021-08-13T19:00:00Z,2,0,1,0,0,0,0,0,0,0,0,0,0,0,0,0,0.0,0.0,0.0,0.0,45,0,154190,0,0
15,1,3,0,False,2021-08-13T19:00:00Z,2,0,1,0,0,0,0,0,0,0,0,0,0,0,0,0,0.0,0.0,0.0,0.0,50,0,5080,0,0
16,1,3,1,False,2021-08-13T19:00:00Z,2,0,1,90,0,0,0,2,0,0,0,0,0,0,0,17,26.8,87.0,41.0,15.5,50,0,540892,0,0
17,1,3,2,False,2021-08-13T19:00:00Z,2,0,1,90,0,0,0,2,0,0,0,0,0,0,0,9,7.6,43.9,51.0,10.3,75,0,243459,0,0
18,1,3,0,False,2021-08-13T19:00:00Z,2,0,1,0,0,0,0,0,0,0,0,0,0,0,0,0,0.0,0.0,0.0,0.0,45,0,29602,0,0
20,1,3,0,False,2021-08-13T19:00:00Z,2,0,1,0,0,0,0,0,0,0,0,0,0,0,0,0,0.0,0.0,0.0,0.0,55,0,8562,0,0
21,1,3,2,False,2021-08-13T19:00:00Z,2,0,1,90,0,0,0,2,0,0,0,0,0,0,0,13,13.0,35.3,25.0,7.3,55,0,497578,0,0
22,1,3,1,False,2021-08-13T19:00:00Z,2,0,1,31,0,0,0,1,0,0,0,0,0,0,0,4,6.6,12.3,12.0,3.1,65,0,1014984,0,0
23,1,3,0,False,2021-08-13T19:00:00Z,2,0,1,0,0,0,0,0,0,0,0,0,0,0,0,0,0.0,0.0,0.0,0.0,50,0,6701,0,0
24,1,3,0,False,2021-08-13T19:00:00Z,2,0,1,0,0,0,0,0,0,0,0,0,0,0,0,0,0.0,0.0,0.0,0.0,45,0,99,0,0
25,1,3,0,False,2021-08-13T19:00:00Z,2,0,1,0,0,0,0,0,0,0,0,0,0,0,0,0,0.0,0.0,0.0,0.0,45,0,221,0,0
26,1,3,2,False,2021-08-13T19:00:00Z,2,0,1,70,0,0,0,1,0,0,0,0,0,0,0,7,2.2,22.4,11.0,3.6,55,0,25036,0,0
27,1,3,0,False,2021-08-13T19:00:00Z,2,0,1,0,0,0,0,0,0,0,0,0,0,0,0,0,0.0,0.0,0.0,0.0,45,0,385,0,0
67,1,3,1,False,2021-08-13T19:00:00Z,2,0,1,90,0,0,0,2,0,0,0,0,0,0,0,12,10.8,0.5,0.0,1.1,45,0,1716768,0,0
466,1,3,1,False,2021-08-13T19:00:00Z,2,0,1,9,0,0,0,0,0,0,0,0,0,0,0,0,0.0,0.7,1.0,0.1,45,0,21150,0,0
478,1,3,2,False,2021-08-13T19:00:00Z,2,0,1,90,0,0,0,2,0,0,0,0,0,0,0,13,19.4,34.3,8.0,6.2,50,0,15087,0,0
530,1,3,1,False,2021-08-13T19:00:00Z,2,0,1,58,0,0,0,1,0,0,0,0,0,0,0,-2,0.0,0.4,15.0,0.9,50,0,16628,0,0
531,1,3,1,False,2021-08-13T19:00:00Z,2,0,1,19,0,0,0,1,0,0,0,0,0,0,0,4,4.0,11.6,20.0,3.6,50,0,0,0,0
532,1,3,0,False,2021-08-13T19:00:00Z,2,0,1,0,0,0,0,0,0,0,0,0,0,0,0,0,0.0,0.0,0.0,0.0,40,0,0,0,0
28,8,18,0,False,2021-08-14T14:00:00Z,3,2,1,0,0,0,0,0,0,0,0,0,0,0,0,0,0.0,0.0,0.0,0.0,40,0,71768,0,0
29,8,18,0,False,2021-08-14T14:00:00Z,3,2,1,0,0,0,0,0,0,0,0,0,0,0,0,0,0.0,0.0,0.0,0.0,50,0,3083,0,0
30,8,18,2,False,2021-08-14T14:00:00Z,3,2,1,90,0,0,0,3,0,0,0,0,0,4,0,18,28.2,0.0,0.0,2.8,55,0,2386407,0,0
31,8,18,0,False,2021-08-14T14:00:00Z,3,2,1,0,0,0,0,0,0,0,0,0,0,0,0,0,0.0,0.0,0.0,0.0,45,0,95,0,0
32,8,18,4,False,2021-08-14T14:00:00Z,3,2,1,18,0,1,0,0,0,0,0,0,0,0,0,16,5.8,1.6,26.0,3.3,60,0,141304,0,0
34,8,18,0,False,2021-08-14T14:00:00Z,3,2,1,0,0,0,0,0,0,0,0,0,0,0,0,0,0.0,0.0,0.0,0.0,50,0,947,0,0
35,8,18,7,False,2021-08-14T14:00:00Z,3,2,1,90,1,0,0,3,0,0,0,0,0,0,0,28,40.4,2.1,13.0,5.6,60,0,60533,0,0
36,8,18,0,False,2021-08-14T14:00:00Z,3,2,1,0,0,0,0,0,0,0,0,0,0,0,0,0,0.0,0.0,0.0,0.0,45,0,8179,0,0
37,8,18,0,False,2021-08-14T14:00:00Z,3,2,1,0,0,0,0,0,0,0,0,0,0,0,0,0,0.0,0.0,0.0,0.0,55,0,612,0,0
38,8,18,0,False,2021-08-14T14:00:00Z,3,2,1,90,0,0,0,3,0,0,0,1,0,0,0,12,15.6,0.8,0.0,1.6,50,0,572675,0,0
39,8,18,0,False,2021-08-14T14:00:00Z,3,2,1,45,0,0,0,2,0,0,0,0,0,0,0,4,3.0,14.8,0.0,1.8,50,0,675492,0,0
40,8,18,0,False,2021-08-14T14:00:00Z,3,2,1,0,0,0,0,0,0,0,0,0,0,0,0,0,0.0,0.0,0.0,0.0,75,0,312088,0,0
41,8,18,2,False,2021-08-14T14:00:00Z,3,2,1,90,0,0,0,3,0,0,0,0,0,0,0,13,6.4,6.5,0.0,1.3,45,0,7728,0,0
42,8,18,1,False,2021-08-14T14:00:00Z,3,2,1,59,0,0,0,2,0,0,0,0,0,0,0,1,1.4,2.7,4.0,0.8,60,0,82948,0,0
43,8,18,2,False,2021-08-14T14:00:00Z,3,2,1,71,0,0,0,3,0,0,0,0,0,0,0,6,4.2,5.3,10.0,2.0,65,0,386824,0,0
44,8,18,1,False,2021-08-14T14:00:00Z,3,2,1,90,0,0,0,3,0,0,0,0,0,0,0,21,14.8,13.7,1.0,3.0,50,0,126813,0,0
45,8,18,1,False,2021-08-14T14:00:00Z,3,2,1,90,0,0,0,3,0,0,0,0,0,0,0,15,19.6,1.3,2.0,2.3,50,0,75220,0,0
46,8,18,0,False,2021-08-14T14:00:00Z,3,2,1,0,0,0,0,0,0,0,0,0,0,0,0,0,0.0,0.0,0.0,0.0,45,0,1794,0,0
47,8,18,0,False,2021-08-14T14:00:00Z,3,2,1,0,0,0,0,0,0,0,0,0,0,0,0,0,0.0,0.0,0.0,0.0,55,0,16681,0,0
48,8,18,0,False,2021-08-14T14:00:00Z,3,2,1,0,0,0,0,0,0,0,0,0,0,0,0,0,0.0,0.0,0.0,0.0,55,0,129,0,0
49,8,18,0,False,2021-08-14T14:00:00Z,3,2,1,0,0,0,0,0,0,0,0,0,0,0,0,0,0.0,0.0,0.0,0.0,45,0,169789,0,0
50,8,18,0,False,2021-08-14T14:00:00Z,3,2,1,0,0,0,0,0,0,0,0,0,0,0,0,0,0.0,0.0,0.0,0.0,45,0,72328,0,0
51,8,18,1,False,2021-08-14T14:00:00Z,3,2,1,45,0,0,0,1,0,0,0,0,0,0,0,2,0.6,12.1,5.0,1.8,45,0,22121,0,0
52,8,18,1,False,2021-08-14T14:00:00Z,3,2,1,90,0,0,0,3,0,0,0,0,0,0,0,13,8.4,22.7,6.0,3.7,50,0,63216,0,0
283,8,18,0,False,2021-08-14T14:00:00Z,3,2,1,0,0,0,0,0,0,0,0,0,0,0,0,0,0.0,0.0,0.0,0.0,45,0,52507,0,0
337,8,18,7,False,2021-08-14T14:00:00Z,3,2,1,90,1,0,0,3,0,0,0,0,0,0,1,29,34.2,0.9,25.0,6.0,80,0,2574177,0,0
492,8,18,4,False,2021-08-14T14:00:00Z,3,2,1,30,0,1,0,1,0,0,0,0,0,0,0,14,20.0,14.8,21.0,5.6,65,0,171733,0,0
496,8,18,0,False,2021-08-14T14:00:00Z,3,2,1,0,0,0,0,0,0,0,0,0,0,0,0,0,0.0,0.0,0.0,0.0,45,0,8453,0,0
497,8,18,0,False,2021-08-14T14:00:00Z,3,2,1,0,0,0,0,0,0,0,0,0,0,0,0,0,0.0,0.0,0.0,0.0,50,0,1298,0,0
526,8,18,0,False,2021-08-14T14:00:00Z,3,2,1,0,0,0,0,0,0,0,0,0,0,0,0,0,0.0,0.0,0.0,0.0,45,0,1933,0,0
76,1,1,6,True,2021-08-13T19:00:00Z,2,0,1,90,0,0,1,0,0,0,0,0,0,0,0,22,10.8,0.0,0.0,1.1,45,0,28324,0,0
77,1,1,8,True,2021-08-13T19:00:00Z,2,0,1,90,1,0,1,0,0,0,0,0,0,0,0,25,38.4,1.8,40.0,8.0,50,0,13090,0,0
78,1,1,2,True,2021-08-13T19:00:00Z,2,0,1,90,0,0,1,0,0,0,0,0,0,0,0,4,6.2,15.8,4.0,2.6,65,0,2065056,0,0
79,1,1,0,True,2021-08-13T19:00:00Z,2,0,1,0,0,0,0,0,0,0,0,0,0,0,0,0,0.0,0.0,0.0,0.0,55,0,7791,0,0
80,1,1,8,True,2021-08-13T19:00:00Z,2,0,1,90,0,0,1,0,0,0,0,0,0,4,1,30,27.8,0.0,0.0,2.8,45,0,96605,0,0
81,1,1,11,True,2021-08-13T19:00:00Z,2,0,1,90,1,0,1,0,0,0,0,0,0,0,3,33,60.2,14.8,35.0,11.0,55,0,15606,0,0
82,1,1,0,True,2021-08-13T19:00:00Z,2,0,1,0,0,0,0,0,0,0,0,0,0,0,0,0,0.0,0.0,0.0,0.0,55,0,1911,0,0
83,1,1,6,True,2021-08-13T19:00:00Z,2,0,1,90,0,0,1,0,0,0,0,0,0,0,0,22,13.2,1.3,2.0,1.7,45,0,38378,0,0
84,1,1,3,True,2021-08-13T19:00:00Z,2,0,1,90,0,0,1,0,0,0,0,0,0,0,0,6,6.2,1.4,2.0,1.0,50,0,3003,0,0
85,1,1,0,True,2021-08-13T19:00:00Z,2,0,1,0,0,0,0,0,0,0,0,0,0,0,0,0,0.0,0.0,0.0,0.0,55,0,4061,0,0
86,1,1,0,True,2021-08-13T19:00:00Z,2,0,1,0,0,0,0,0,0,0,0,0,0,0,0,0,0.0,0.0,0.0,0.0,50,0,2850,0,0
87,1,1,0,True,2021-08-13T19:00:00Z,2,0,1,0,0,0,0,0,0,0,0,0,0,0,0,0,0.0,0.0,0.0,0.0,40,0,90851,0,0
88,1,1,1,True,2021-08-13T19:00:00Z,2,0,1,4,0,0,0,0,0,0,0,0,0,0,0,1,0.0,1.3,0.0,0.1,55,0,11516,0,0
89,1,1,0,True,2021-08-13T19:00:00Z,2,0,1,0,0,0,0,0,0,0,0,0,0,0,0,0,0.0,0.0,0.0,0.0,45,0,6247,0,0
90,1,1,1,True,2021-08-13T19:00:00Z,2,0,1,19,0,0,0,0,0,0,0,0,0,0,0,3,0.0,0.0,0.0,0.0,45,0,8201,0,0
91,1,1,11,True,2021-08-13T19:00:00Z,2,0,1,90,0,1,1,0,0,0,0,0,0,0,2,32,36.8,11.1,0.0,4.8,45,0,13971,0,0
92,1,1,0,True,2021-08-13T19:00:00Z,2,0,1,0,0,0,0,0,0,0,0,0,0,0,0,0,0.0,0.0,0.0,0.0,40,0,1347,0,0
93,1,1,0,True,2021-08-13T19:00:00Z,2,0,1,0,0,0,0,0,0,0,0,0,0,0,0,0,0.0,0.0,0.0,0.0,45,0,49963,0,0
94,1,1,0,True,2021-08-13T19:00:00Z,2,0,1,0,0,0,0,0,0,0,0,0,0,0,0,0,0.0,0.0,0.0,0.0,40,0,93320,0,0
95,1,1,0,True,2021-08-13T19:00:00Z,2,0,1,0,0,0,0,0,0,0,0,0,0,0,0,0,0.0,0.0,0.0,0.0,55,0,3289,0,0
96,1,1,3,True,2021-08-13T19:00:00Z,2,0,1,85,0,0,1,0,0,0,0,0,0,0,0,4,2.4,13.3,22.0,3.8,55,0,73833,0,0
97,1,1,1,True,2021-08-13T19:00:00Z,2,0,1,10,0,0,0,0,0,0,0,0,0,0,0,4,4.2,0.3,0.0,0.5,45,0,4979,0,0
479,1,1,3,True,2021-08-13T19:00:00Z,2,0,1,79,0,0,1,0,0,0,0,0,0,0,0,9,5.4,15.5,4.0,2.5,50,0,4896,0,0
483,1,1,6,True,2021-08-13T19:00:00Z,2,0,1,70,0,0,1,0,0,0,0,0,0,0,0,23,8.2,11.2,4.0,2.3,45,0,35174,0,0
498,1,1,0,True,2021-08-13T19:00:00Z,2,0,1,0,0,0,0,0,0,0,0,0,0,0,0,0,0.0,0.0,0.0,0.0,45,0,2758,0,0
499,1,1,0,True,2021-08-13T19:00:00Z,2,0,1,0,0,0,0,0,0,0,0,0,0,0,0,0,0.0,0.0,0.0,0.0,50,0,2794,0,0
524,1,1,0,True,2021-08-13T19:00:00Z,2,0,1,0,0,0,0,0,0,0,0,0,0,0,0,0,0.0,0.0,0.0,0.0,60,0,4209,0,0
53,2,5,1,False,2021-08-14T14:00:00Z,1,2,1,45,0,0,0,0,0,0,0,0,0,0,0,7,1.6,3.0,2.0,0.7,55,0,17460,0,0
54,2,5,0,False,2021-08-14T14:00:00Z,1,2,1,0,0,0,0,0,0,0,0,0,0,0,0,0,0.0,0.0,0.0,0.0,40,0,177975,0,0
55,2,5,6,False,2021-08-14T14:00:00Z,1,2,1,90,0,1,0,1,0,0,0,0,0,0,1,24,26.4,35.3,14.0,7.6,60,0,34936,0,0
56,2,5,2,False,2021-08-14T14:00:00Z,1,2,1,90,0,0,0,1,0,0,0,0,0,0,0,22,34.8,0.2,57.0,9.2,40,0,226602,0,0
57,2,5,0,False,2021-08-14T14:00:00Z,1,2,1,0,0,0,0,0,0,0,0,0,0,0,0,0,0.0,0.0,0.0,0.0,45,0,107,0,0
58,2,5,0,False,2021-08-14T14:00:00Z,1,2,1,0,0,0,0,0,0,0,0,0,0,0,0,0,0.0,0.0,0.0,0.0,45,0,3067,0,0
59,2,5,2,False,2021-08-14T14:00:00Z,1,2,1,90,0,0,0,1,0,0,0,0,0,0,0,14,19.6,0.7,0.0,2.0,50,0,437885,0,0
60,2,5,2,False,2021-08-14T14:00:00Z,1,2,1,90,0,0,0,1,0,0,0,0,0,0,0,12,18.6,45.3,11.0,7.5,55,0,6789,0,0
61,2,5,2,False,2021-08-14T14:00:00Z,1,2,1,90,0,0,0,1,0,0,0,0,0,0,0,11,23.6,2.8,0.0,2.6,45,0,38441,0,0
62,2,5,0,False,2021-08-14T14:00:00Z,1,2,1,0,0,0,0,0,0,0,0,0,0,0,0,0,0.0,0.0,0.0,0.0,45,0,271608,0,0
63,2,5,5,False,2021-08-14T14:00:00Z,1,2,1,90,1,0,0,1,0,0,0,1,0,0,0,20,34.0,6.5,74.0,11.5,65,0,160421,0,0
64,2,5,2,False,2021-08-14T14:00:00Z,1,2,1,75,0,0,0,1,0,0,0,0,0,0,0,4,2.2,1.9,8.0,1.2,65,0,88156,0,0
65,2,5,0,False,2021-08-14T14:00:00Z,1,2,1,0,0,0,0,0,0,0,0,0,0,0,0,0,0.0,0.0,0.0,0.0,45,0,1410,0,0
66,2,5,0,False,2021-08-14T14:00:00Z,1,2,1,0,0,0,0,0,0,0,0,0,0,0,0,0,0.0,0.0,0.0,0.0,55,0,203,0,0
68,2,5,0,False,2021-08-14T14:00:00Z,1,2,1,0,0,0,0,0,0,0,0,0,0,0,0,0,0.0,0.0,0.0,0.0,40,0,1037,0,0
69,2,5,2,False,2021-08-14T14:00:00Z,1,2,1,90,0,0,0,1,0,0,0,0,0,2,0,19,20.0,10.0,0.0,3.0,45,0,1701303,0,0
70,2,5,2,False,2021-08-14T14:00:00Z,1,2,1,90,0,0,0,1,0,0,0,0,0,0,0,14,7.6,5.2,0.0,1.3,45,0,882586,0,0
71,2,5,0,False,2021-08-14T14:00:00Z,1,2,1,0,0,0,0,0,0,0,0,0,0,0,0,0,0.0,0.0,0.0,0.0,45,0,41209,0,0
72,2,5,0,False,2021-08-14T14:00:00Z,1,2,1,0,0,0,0,0,0,0,0,0,0,0,0,0,0.0,0.0,0.0,0.0,55,0,15789,0,0
73,2,5,2,False,2021-08-14T14:00:00Z,1,2,1,71,0,0,0,1,0,0,0,0,0,0,0,12,10.4,24.1,2.0,3.7,50,0,3347,0,0
74,2,5,9,False,2021-08-14T14:00:00Z,1,2,1,14,1,0,0,0,0,0,0,0,0,0,3,28,38.2,0.4,17.0,5.6,55,0,3931,0,0
75,2,5,4,False,2021-08-14T14:00:00Z,1,2,1,18,0,1,0,0,0,0,0,0,0,0,0,13,21.2,10.8,19.0,5.1,45,0,8712,0,0
447,2,5,0,False,2021-08-14T14:00:00Z,1,2,1,0,0,0,0,0,0,0,0,0,0,0,0,0,0.0,0.0,0.0,0.0,60,0,12873,0,0
462,2,5,1,False,2021-08-14T14:00:00Z,1,2,1,45,0,0,0,1,0,0,0,0,0,0,0,5,2.2,12.1,4.0,1.8,60,0,9904,0,0
476,2,5,0,False,2021-08-14T14:00:00Z,1,2,1,0,0,0,0,0,0,0,0,0,0,0,0,0,0.0,0.0,0.0,0.0,45,0,2238,0,0
500,2,5,0,False,2021-08-14T14:00:00Z,1,2,1,0,0,0,0,0,0,0,0,0,0,0,0,0,0.0,0.0,0.0,0.0,50,0,12723,0,0
535,2,5,0,False,2021-08-14T14:00:00Z,1,2,1,0,0,0,0,0,0,0,0,0,0,0,0,0,0.0,0.0,0.0,0.0,45,0,0,0,0
536,2,5,0,False,2021-08-14T14:00:00Z,1,2,1,0,0,0,0,0,0,0,0,0,0,0,0,0,0.0,0.0,0.0,0.0,40,0,0,0,0
537,2,5,0,False,2021-08-14T14:00:00Z,1,2,1,0,0,0,0,0,0,0,0,0,0,0,0,0,0.0,0.0,0.0,0.0,45,0,0,0,0
538,2,5,0,False,2021-08-14T14:00:00Z,1,2,1,0,0,0,0,0,0,0,0,0,0,0,0,0,0.0,0.0,0.0,0.0,45,0,0,0,0
98,2,4,6,True,2021-08-14T14:00:00Z,1,2,1,90,1,0,0,2,0,0,0,1,0,0,0,13,49.0,0.6,44.0,9.4,50,0,92401,0,0
99,2,4,0,True,2021-08-14T14:00:00Z,1,2,1,0,0,0,0,0,0,0,0,0,0,0,0,0,0.0,0.0,0.0,0.0,40,0,56223,0,0
100,2,4,0,True,2021-08-14T14:00:00Z,1,2,1,0,0,0,0,0,0,0,0,0,0,0,0,0,0.0,0.0,0.0,0.0,45,0,13554,0,0
101,2,4,2,True,2021-08-14T14:00:00Z,1,2,1,84,0,0,0,2,0,0,0,0,0,0,0,3,0.8,1.1,12.0,1.4,45,0,7356,0,0
102,2,4,0,True,2021-08-14T14:00:00Z,1,2,1,0,0,0,0,0,0,0,0,0,0,0,0,0,0.0,0.0,0.0,0.0,45,0,1674,0,0
103,2,4,0,True,2021-08-14T14:00:00Z,1,2,1,0,0,0,0,0,0,0,0,0,0,0,0,0,0.0,0.0,0.0,0.0,40,0,12414,0,0
104,2,4,2,True,2021-08-14T14:00:00Z,1,2,1,69,0,0,1,0,0,0,0,0,0,0,0,10,6.6,2.5,17.0,2.6,55,0,58733,0,0
105,2,4,1,True,2021-08-14T14:00:00Z,1,2,1,20,0,0,0,2,0,0,0,0,0,0,0,3,2.2,10.1,0.0,1.2,55,0,133470,0,0
106,2,4,1,True,2021-08-14T14:00:00Z,1,2,1,90,0,0,0,2,0,0,0,0,0,0,0,8,9.6,0.8,7.0,1.7,50,0,59668,0,0
107,2,4,7,True,2021-08-14T14:00:00Z,1,2,1,90,0,1,0,2,0,0,0,0,0,0,2,27,27.8,32.4,0.0,6.0,55,0,46788,0,0
108,2,4,1,True,2021-08-14T14:00:00Z,1,2,1,90,0,0,0,2,0,0,0,1,0,0,0,5,7.2,2.6,2.0,1.2,55,0,4960,0,0
109,2,4,2,True,2021-08-14T14:00:00Z,1,2,1,90,0,0,0,2,0,0,0,0,0,0,0,3,3.8,12.0,25.0,4.1,70,0,220337,0,0
110,2,4,1,True,2021-08-14T14:00:00Z,1,2,1,90,0,0,0,2,0,0,0,0,0,0,0,10,12.8,15.9,0.0,2.9,45,0,181765,0,0
111,2,4,1,True,2021-08-14T14:00:00Z,1,2,1,5,0,0,0,0,0,0,0,0,0,0,0,2,0.0,0.3,12.0,1.0,55,0,69784,0,0
112,2,4,2,True,2021-08-14T14:00:00Z,1,2,1,90,0,0,0,2,0,0,0,0,0,4,0,17,30.0,0.0,0.0,3.0,55,0,280784,0,0
113,2,4,1,True,2021-08-14T14:00:00Z,1,2,1,90,0,0,0,2,0,0,0,0,0,0,0,13,14.4,15.6,2.0,3.2,45,0,41905,0,0
114,2,4,0,True,2021-08-14T14:00:00Z,1,2,1,0,0,0,0,0,0,0,0,0,0,0,0,0,0.0,0.0,0.0,0.0,45,0,8993,0,0
115,2,4,1,True,2021-08-14T14:00:00Z,1,2,1,11,0,0,0,0,0,0,0,0,0,0,0,8,7.2,10.5,0.0,1.8,45,0,288638,0,0
116,2,4,0,True,2021-08-14T14:00:00Z,1,2,1,0,0,0,0,0,0,0,0,0,0,0,0,0,0.0,0.0,0.0,0.0,45,0,408,0,0
117,2,4,0,True,2021-08-14T14:00:00Z,1,2,1,0,0,0,0,0,0,0,0,0,0,0,0,0,0.0,0.0,0.0,0.0,45,0,830,0,0
118,2,4,2,True,2021-08-14T14:00:00Z,1,2,1,78,0,0,0,2,0,0,0,0,0,0,0,10,21.6,30.6,0.0,5.2,60,0,20227,0,0
451,2,4,0,True,2021-08-14T14:00:00Z,1,2,1,0,0,0,0,0,0,0,0,0,0,0,0,0,0.0,0.0,0.0,0.0,45,0,7002,0,0
480,2,4,0,True,2021-08-14T14:00:00Z,1,2,1,0,0,0,0,0,0,0,0,0,0,0,0,0,0.0,0.0,0.0,0.0,45,0,17185,0,0
533,2,4,0,True,2021-08-14T14:00:00Z,1,2,1,0,0,0,0,0,0,0,0,0,0,0,0,0,0.0,0.0,0.0,0.0,45,0,0,0,0
534,2,4,0,True,2021-08-14T14:00:00Z,1,2,1,0,0,0,0,0,0,0,0,0,0,0,0,0,0.0,0.0,0.0,0.0,40,0,0,0,0
119,3,7,6,True,2021-08-14T14:00:00Z,3,0,1,66,0,0,1,0,0,0,0,0,0,0,0,25,10.4,8.6,6.0,2.5,60,0,254999,0,0
120,3,7,0,True,2021-08-14T14:00:00Z,3,0,1,0,0,0,0,0,0,0,0,0,0,0,0,0,0.0,0.0,0.0,0.0,65,0,2369,0,0
121,3,7,0,True,2021-08-14T14:00:00Z,3,0,1,0,0,0,0,0,0,0,0,0,0,0,0,0,0.0,0.0,0.0,0.0,55,0,219781,0,0
122,3,7,15,True,2021-08-14T14:00:00Z,3,0,1,85,1,0,1,0,0,0,0,0,0,0,3,46,56.0,35.5,29.0,12.1,55,0,101537,0,0
123,3,7,3,True,2021-08-14T14:00:00Z,3,0,1,90,0,0,1,0,0,0,0,0,0,0,0,14,19.6,21.4,2.0,4.3,60,0,328061,0,0
124,3,7,0,True,2021-08-14T14:00:00Z,3,0,1,0,0,0,0,0,0,0,0,0,0,0,0,0,0.0,0.0,0.0,0.0,55,0,9890,0,0
125,3,7,6,True,2021-08-14T14:00:00Z,3,0,1,90,0,1,1,0,0,0,0,0,0,0,0,24,24.6,28.5,4.0,5.7,50,0,17075,0,0
126,3,7,0,True,2021-08-14T14:00:00Z,3,0,1,0,0,0,0,0,0,0,0,0,0,0,0,0,0.0,0.0,0.0,0.0,55,0,14838,0,0
127,3,7,6,True,2021-08-14T14:00:00Z,3,0,1,90,0,0,1,0,0,0,0,0,0,0,0,22,14.6,3.4,0.0,1.8,55,0,446404,0,0
128,3,7,0,True,2021-08-14T14:00:00Z,3,0,1,0,0,0,0,0,0,0,0,0,0,0,0,0,0.0,0.0,0.0,0.0,55,0,99447,0,0
129,3,7,0,True,2021-08-14T14:00:00Z,3,0,1,0,0,0,0,0,0,0,0,0,0,0,0,0,0.0,0.0,0.0,0.0,50,0,19536,0,0
130,3,7,0,True,2021-08-14T14:00:00Z,3,0,1,0,0,0,0,0,0,0,0,0,0,0,0,0,0.0,0.0,0.0,0.0,50,0,316399,0,0
131,3,7,0,True,2021-08-14T14:00:00Z,3,0,1,0,0,0,0,0,0,0,0,0,0,0,0,0,0.0,0.0,0.0,0.0,75,0,37887,0,0
132,3,7,0,True,2021-08-14T14:00:00Z,3,0,1,0,0,0,0,0,0,0,0,0,0,0,0,0,0.0,0.0,0.0,0.0,55,0,7043,0,0
133,3,7,7,True,2021-08-14T14:00:00Z,3,0,1,90,0,0,1,0,0,0,0,0,0,0,1,27,18.6,1.3,0.0,2.0,50,0,51896,0,0
134,3,7,2,True,2021-08-14T14:00:00Z,3,0,1,90,0,0,1,0,0,0,0,0,0,0,0,6,1.2,12.8,26.0,4.0,90,0,335608,0,0
135,3,7,0,True,2021-08-14T14:00:00Z,3,0,1,0,0,0,0,0,0,0,0,0,0,0,0,0,0.0,0.0,0.0,0.0,60,0,896206,0,0
136,3,7,0,True,2021-08-14T14:00:00Z,3,0,1,0,0,0,0,0,0,0,0,0,0,0,0,0,0.0,0.0,0.0,0.0,65,0,45383,0,0
137,3,7,8,True,2021-08-14T14:00:00Z,3,0,1,81,1,0,1,0,0,0,0,0,0,0,0,21,36.8,3.4,42.0,8.2,80,0,94495,0,0
138,3,7,6,True,2021-08-14T14:00:00Z,3,0,1,90,0,1,1,0,0,0,0,0,0,0,0,19,14.2,18.5,29.0,6.2,75,0,1404414,0,0
139,3,7,0,True,2021-08-14T14:00:00Z,3,0,1,0,0,0,0,0,0,0,0,0,0,0,0,0,0.0,0.0,0.0,0.0,45,0,7410,0,0
140,3,7,0,True,2021-08-14T14:00:00Z,3,0,1,0,0,0,0,0,0,0,0,0,0,0,0,0,0.0,0.0,0.0,0.0,55,0,14532,0,0
141,3,7,1,True,2021-08-14T14:00:00Z,3,0,1,8,0,0,0,0,0,0,0,0,0,0,0,1,0.0,0.8,2.0,0.2,85,0,834989,0,0
142,3,7,1,True,2021-08-14T14:00:00Z,3,0,1,23,0,0,0,0,0,0,0,0,0,0,0,4,2.2,2.1,2.0,0.6,55,0,465500,0,0
143,3,7,6,True,2021-08-14T14:00:00Z,3,0,1,90,0,0,1,0,0,0,0,0,0,1,0,20,11.2,0.0,0.0,1.1,60,0,613542,0,0
501,3,7,0,True,2021-08-14T14:00:00Z,3,0,1,0,0,0,0,0,0,0,0,0,0,0,0,0,0.0,0.0,0.0,0.0,50,0,3636,0,0
527,3,7,14,True,2021-08-14T14:00:00Z,3,0,1,90,1,0,1,0,0,0,0,0,0,0,2,37,45.4,7.0,11.0,6.3,50,0,8103,0,0
529,3,7,0,True,2021-08-14T14:00:00Z,3,0,1,0,0,0,0,0,0,0,0,0,0,0,0,0,0.0,0.0,0.0,0.0,115,0,485681,0,0
539,3,7,1,True,2021-08-14T14:00:00Z,3,0,1,4,0,0,0,0,0,0,0,0,0,0,0,3,0.0,0.1,2.0,0.2,45,0,0,0,0
144,3,6,0,False,2021-08-14T14:00:00Z,3,0,1,0,0,0,0,0,0,0,0,0,0,0,0,0,0.0,0.0,0.0,0.0,55,0,2134,0,0
146,3,6,2,False,2021-08-14T14:00:00Z,3,0,1,90,0,0,0,3,0,0,0,0,0,3,0,20,24.0,0.0,0.0,2.4,45,0,361754,0,0
147,3,6,0,False,2021-08-14T14:00:00Z,3,0,1,0,0,0,0,0,0,0,0,0,0,0,0,0,0.0,0.0,0.0,0.0,45,0,9200,0,0
148,3,6,2,False,2021-08-14T14:00:00Z,3,0,1,90,0,0,0,3,0,0,0,0,0,0,0,22,24.8,26.0,4.0,5.5,45,0,16857,0,0
149,3,6,1,False,2021-08-14T14:00:00Z,3,0,1,33,0,0,0,1,0,0,0,0,0,0,0,1,0.0,0.3,4.0,0.1,65,0,96513,0,0
150,3,6,1,False,2021-08-14T14:00:00Z,3,0,1,90,0,0,0,3,0,0,0,0,0,0,0,16,16.4,0.6,0.0,1.7,45,0,30144,0,0
151,3,6,0,False,2021-08-14T14:00:00Z,3,0,1,0,0,0,0,0,0,0,0,0,0,0,0,0,0.0,0.0,0.0,0.0,40,0,80769,0,0
152,3,6,0,False,2021-08-14T14:00:00Z,3,0,1,0,0,0,0,0,0,0,0,0,0,0,0,0,0.0,0.0,0.0,0.0,55,0,9126,0,0
153,3,6,2,False,2021-08-14T14:00:00Z,3,0,1,90,0,0,0,3,0,0,0,0,0,0,0,0,14.8,11.9,19.0,4.6,60,0,48838,0,0
154,3,6,2,False,2021-08-14T14:00:00Z,3,0,1,90,0,0,0,3,0,0,0,0,0,0,0,1,1.0,3.0,22.0,2.6,70,0,460453,0,0
155,3,6,1,False,2021-08-14T14:00:00Z,3,0,1,56,0,0,0,2,0,0,0,0,0,0,0,3,1.0,1.4,4.0,0.6,55,0,4667,0,0
156,3,6,0,False,2021-08-14T14:00:00Z,3,0,1,0,0,0,0,0,0,0,0,0,0,0,0,0,0.0,0.0,0.0,0.0,45,0,30766,0,0
157,3,6,2,False,2021-08-14T14:00:00Z,3,0,1,76,0,0,0,3,0,0,0,0,0,0,0,8,2.8,5.4,0.0,0.8,50,0,2741,0,0
158,3,6,0,False,2021-08-14T14:00:00Z,3,0,1,0,0,0,0,0,0,0,0,0,0,0,0,0,0.0,0.0,0.0,0.0,45,0,3499,0,0
159,3,6,1,False,2021-08-14T14:00:00Z,3,0,1,56,0,0,0,2,0,0,0,0,0,0,0,5,6.4,1.3,0.0,0.8,55,0,8209,0,0
160,3,6,0,False,2021-08-14T14:00:00Z,3,0,1,0,0,0,0,0,0,0,0,0,0,0,0,0,0.0,0.0,0.0,0.0,60,0,3447,0,0
161,3,6,0,False,2021-08-14T14:00:00Z,3,0,1,0,0,0,0,0,0,0,0,0,0,0,0,0,0.0,0.0,0.0,0.0,45,0,331,0,0
162,3,6,1,False,2021-08-14T14:00:00Z,3,0,1,90,0,0,0,3,0,0,0,0,0,0,0,5,4.0,1.9,0.0,0.6,45,0,44446,0,0
464,3,6,0,False,2021-08-14T14:00:00Z,3,0,1,0,0,0,0,0,0,0,0,0,0,0,0,0,0.0,0.0,0.0,0.0,55,0,3327,0,0
474,3,6,1,False,2021-08-14T14:00:00Z,3,0,1,90,0,0,0,3,0,0,0,0,0,0,0,15,23.8,1.3,0.0,2.5,45,0,15214,0,0
477,3,6,1,False,2021-08-14T14:00:00Z,3,0,1,90,0,0,0,3,0,0,0,0,0,0,0,14,13.8,11.9,2.0,2.8,45,0,21817,0,0
488,3,6,1,False,2021-08-14T14:00:00Z,3,0,1,33,0,0,0,1,0,0,0,0,0,0,0,9,7.4,0.3,2.0,1.0,45,0,33665,0,0
493,3,6,0,False,2021-08-14T14:00:00Z,3,0,1,0,0,0,0,0,0,0,0,0,0,0,0,0,0.0,0.0,0.0,0.0,45,0,7285,0,0
540,3,6,0,False,2021-08-14T14:00:00Z,3,0,1,0,0,0,0,0,0,0,0,0,0,0,0,0,0.0,0.0,0.0,0.0,40,0,0,0,0
541,3,6,1,False,2021-08-14T14:00:00Z,3,0,1,13,0,0,0,0,0,0,0,0,0,0,0,3,1.0,5.0,0.0,0.6,45,0,0,0,0
542,3,6,0,False,2021-08-14T14:00:00Z,3,0,1,0,0,0,0,0,0,0,0,0,0,0,0,0,0.0,0.0,0.0,0.0,45,0,0,0,0
543,3,6,0,False,2021-08-14T14:00:00Z,3,0,1,0,0,0,0,0,0,0,0,0,0,0,0,0,0.0,0.0,0.0,0.0,45,0,0,0,0
163,4,16,0,True,2021-08-14T14:00:00Z,3,1,1,0,0,0,0,0,0,0,0,0,0,0,0,0,0.0,0.0,0.0,0.0,45,0,12377,0,0
164,4,16,0,True,2021-08-14T14:00:00Z,3,1,1,0,0,0,0,0,0,0,0,0,0,0,0,0,0.0,0.0,0.0,0.0,70,0,144120,0,0
165,4,16,2,True,2021-08-14T14:00:00Z,3,1,1,90,0,0,0,1,0,0,0,0,0,0,0,10,20.6,16.6,0.0,3.7,50,0,41053,0,0
166,4,16,0,True,2021-08-14T14:00:00Z,3,1,1,0,0,0,0,0,0,0,0,0,0,0,0,0,0.0,0.0,0.0,0.0,70,0,139782,0,0
167,4,16,0,True,2021-08-14T14:00:00Z,3,1,1,0,0,0,0,0,0,0,0,0,0,0,0,0,0.0,0.0,0.0,0.0,55,0,471,0,0
168,4,16,2,True,2021-08-14T14:00:00Z,3,1,1,90,0,0,0,1,0,0,0,0,0,0,0,9,8.2,25.9,11.0,4.5,55,0,1292519,0,0
169,4,16,2,True,2021-08-14T14:00:00Z,3,1,1,90,0,0,0,1,0,0,0,0,0,0,0,9,15.6,10.9,20.0,4.7,50,0,203108,0,0
170,4,16,2,True,2021-08-14T14:00:00Z,3,1,1,90,0,0,0,1,0,0,0,0,0,2,0,14,19.6,0.0,0.0,2.0,50,0,446969,0,0
171,4,16,2,True,2021-08-14T14:00:00Z,3,1,1,90,0,0,0,1,0,0,0,0,0,0,0,6,11.4,2.0,7.0,2.0,45,0,78248,0,0
172,4,16,0,True,2021-08-14T14:00:00Z,3,1,1,0,0,0,0,0,0,0,0,0,0,0,0,0,0.0,0.0,0.0,0.0,50,0,10273,0,0
173,4,16,8,True,2021-08-14T14:00:00Z,3,1,1,90,1,0,0,1,0,0,0,1,0,0,2,31,41.8,4.6,37.0,8.3,55,0,19357,0,0
174,4,16,4,True,2021-08-14T14:00:00Z,3,1,1,20,0,1,0,0,0,0,0,0,0,0,0,7,20.6,11.0,23.0,5.5,60,0,12093,0,0
175,4,16,1,True,2021-08-14T14:00:00Z,3,1,1,7,0,0,0,0,0,0,0,0,0,0,0,3,2.0,0.0,0.0,0.2,50,0,41893,0,0
176,4,16,0,True,2021-08-14T14:00:00Z,3,1,1,0,0,0,0,0,0,0,0,0,0,0,0,0,0.0,0.0,0.0,0.0,50,0,5901,0,0
177,4,16,7,True,2021-08-14T14:00:00Z,3,1,1,90,1,0,0,1,0,0,0,0,0,0,1,26,34.2,2.3,83.0,12.0,80,0,686033,0,0
178,4,16,2,True,2021-08-14T14:00:00Z,3,1,1,90,0,0,0,1,0,0,0,0,0,0,0,13,19.6,0.2,0.0,2.0,45,0,54382,0,0
179,4,16,0,True,2021-08-14T14:00:00Z,3,1,1,0,0,0,0,0,0,0,0,0,0,0,0,0,0.0,0.0,0.0,0.0,50,0,73737,0,0
180,4,16,11,True,2021-08-14T14:00:00Z,3,1,1,88,1,1,0,1,0,0,0,1,0,0,3,41,63.8,29.3,37.0,13.0,75,0,640325,0,0
181,4,16,0,True,2021-08-14T14:00:00Z,3,1,1,0,0,0,0,0,0,0,0,0,0,0,0,0,0.0,0.0,0.0,0.0,40,0,167543,0,0
481,4,16,0,True,2021-08-14T14:00:00Z,3,1,1,0,0,0,0,0,0,0,0,0,0,0,0,0,0.0,0.0,0.0,0.0,40,0,153135,0,0
482,4,16,5,True,2021-08-14T14:00:00Z,3,1,1,69,0,1,0,1,0,0,0,0,0,0,0,21,30.8,40.5,0.0,7.1,55,0,47331,0,0
484,4,16,2,True,2021-08-14T14:00:00Z,3,1,1,82,0,0,0,1,0,0,0,0,0,0,0,10,10.8,16.8,2.0,3.0,55,0,27308,0,0
502,4,16,0,True,2021-08-14T14:00:00Z,3,1,1,0,0,0,0,0,0,0,0,0,0,0,0,0,0.0,0.0,0.0,0.0,45,0,4273,0,0
503,4,16,1,True,2021-08-14T14:00:00Z,3,1,1,1,0,0,0,0,0,0,0,0,0,0,0,2,0.0,0.5,0.0,0.1,45,0,2025,0,0
504,4,16,0,True,2021-08-14T14:00:00Z,3,1,1,0,0,0,0,0,0,0,0,0,0,0,0,0,0.0,0.0,0.0,0.0,45,0,2036,0,0
544,4,16,0,True,2021-08-14T14:00:00Z,3,1,1,0,0,0,0,0,0,0,0,0,0,0,0,0,0.0,0.0,0.0,0.0,40,0,0,0,0
545,4,16,0,True,2021-08-14T14:00:00Z,3,1,1,0,0,0,0,0,0,0,0,0,0,0,0,0,0.0,0.0,0.0,0.0,45,0,0,0,0
200,5,20,9,True,2021-08-14T14:00:00Z,1,0,1,90,0,0,1,0,0,0,0,0,0,3,2,31,26.0,0.0,0.0,2.6,50,0,1114563,0,0
201,5,20,0,True,2021-08-14T14:00:00Z,1,0,1,0,0,0,0,0,0,0,0,0,0,0,0,0,0.0,0.0,0.0,0.0,55,0,17182,0,0
202,5,20,0,True,2021-08-14T14:00:00Z,1,0,1,0,0,0,0,0,0,0,0,0,0,0,0,0,0.0,0.0,0.0,0.0,55,0,14368,0,0
203,5,20,0,True,2021-08-14T14:00:00Z,1,0,1,0,0,0,0,0,0,0,0,0,0,0,0,0,0.0,0.0,0.0,0.0,45,0,31304,0,0
204,5,20,0,True,2021-08-14T14:00:00Z,1,0,1,0,0,0,0,0,0,0,0,0,0,0,0,0,0.0,0.0,0.0,0.0,40,0,230909,0,0
205,5,20,5,True,2021-08-14T14:00:00Z,1,0,1,90,1,0,1,0,0,0,0,1,0,0,0,23,37.2,24.7,59.0,12.1,105,0,1032316,0,0
206,5,20,0,True,2021-08-14T14:00:00Z,1,0,1,0,0,0,0,0,0,0,0,0,0,0,0,0,0.0,0.0,0.0,0.0,50,0,4344,0,0
207,5,20,12,True,2021-08-14T14:00:00Z,1,0,1,90,0,1,1,0,0,0,0,0,0,0,3,34,33.2,17.5,0.0,5.1,55,0,150617,0,0
208,5,20,6,True,2021-08-14T14:00:00Z,1,0,1,90,0,0,1,0,0,0,0,0,0,0,0,27,15.4,0.8,0.0,1.6,40,0,985291,0,0
209,5,20,0,True,2021-08-14T14:00:00Z,1,0,1,0,0,0,0,0,0,0,0,0,0,0,0,0,0.0,0.0,0.0,0.0,55,0,83726,0,0
210,5,20,3,True,2021-08-14T14:00:00Z,1,0,1,90,0,0,1,0,0,0,0,0,0,0,0,23,33.4,17.8,7.0,5.8,65,0,364491,0,0
211,5,20,3,True,2021-08-14T14:00:00Z,1,0,1,61,0,0,1,0,0,0,0,0,0,0,0,7,7.2,35.2,2.0,4.4,60,0,18150,0,0
212,5,20,3,True,2021-08-14T14:00:00Z,1,0,1,61,0,0,1,0,0,0,0,0,0,0,0,9,4.2,15.2,2.0,2.1,70,0,833924,0,0
213,5,20,1,True,2021-08-14T14:00:00Z,1,0,1,18,0,0,0,0,0,0,0,0,0,0,0,2,1.4,3.7,8.0,1.3,75,0,929331,0,0
214,5,20,0,True,2021-08-14T14:00:00Z,1,0,1,0,0,0,0,0,0,0,0,0,0,0,0,0,0.0,0.0,0.0,0.0,45,0,8491,0,0
215,5,20,3,True,2021-08-14T14:00:00Z,1,0,1,71,0,0,1,0,0,0,0,0,0,0,0,-1,2.8,1.5,23.0,2.7,70,0,916129,0,0
216,5,20,3,True,2021-08-14T14:00:00Z,1,0,1,90,0,0,1,0,0,0,0,0,0,0,0,20,16.4,3.3,0.0,2.0,50,0,106828,0,0
217,5,20,6,True,2021-08-14T14:00:00Z,1,0,1,90,0,0,1,0,0,0,0,0,0,0,0,23,23.8,0.3,0.0,2.4,50,0,184568,0,0
218,5,20,0,True,2021-08-14T14:00:00Z,1,0,1,0,0,0,0,0,0,0,0,0,0,0,0,0,0.0,0.0,0.0,0.0,50,0,2893,0,0
219,5,20,7,True,2021-08-14T14:00:00Z,1,0,1,90,0,0,1,0,0,0,0,0,0,0,1,29,25.4,5.7,0.0,3.1,45,0,14916,0,0
220,5,20,0,True,2021-08-14T14:00:00Z,1,0,1,0,0,0,0,0,0,0,0,0,0,0,0,0,0.0,0.0,0.0,0.0,45,0,60900,0,0
340,5,20,1,True,2021-08-14T14:00:00Z,1,0,1,28,0,0,0,0,0,0,0,0,0,0,0,3,3.6,0.1,0.0,0.4,50,0,97933,0,0
455,5,20,0,True,2021-08-14T14:00:00Z,1,0,1,0,0,0,0,0,0,0,0,0,0,0,0,0,0.0,0.0,0.0,0.0,75,0,105111,0,0
458,5,20,1,True,2021-08-14T14:00:00Z,1,0,1,28,0,0,0,0,0,0,0,0,0,0,0,4,3.4,0.9,0.0,0.4,50,0,7397,0,0
473,5,20,0,True,2021-08-14T14:00:00Z,1,0,1,0,0,0,0,0,0,0,0,0,0,0,0,0,0.0,0.0,0.0,0.0,50,0,144893,0,0
505,5,20,0,True,2021-08-14T14:00:00Z,1,0,1,0,0,0,0,0,0,0,0,0,0,0,0,0,0.0,0.0,0.0,0.0,45,0,2531,0,0
182,6,13,0,False,2021-08-14T11:30:00Z,5,1,1,0,0,0,0,0,0,0,0,0,0,0,0,0,0.0,0.0,0.0,0.0,55,0,392,0,0
183,6,13,0,False,2021-08-14T11:30:00Z,5,1,1,0,0,0,0,0,0,0,0,0,0,0,0,0,0.0,0.0,0.0,0.0,45,0,881,0,0
184,6,13,-1,False,2021-08-14T11:30:00Z,5,1,1,90,0,0,0,5,0,0,0,1,0,0,0,10,25.4,10.5,2.0,3.8,45,0,21528,0,0
185,6,13,6,False,2021-08-14T11:30:00Z,5,1,1,90,1,0,0,5,0,0,0,0,0,0,0,23,52.4,4.8,13.0,7.0,45,0,787277,0,0
186,6,13,2,False,2021-08-14T11:30:00Z,5,1,1,90,0,0,0,5,0,0,0,0,0,0,0,7,5.8,5.2,10.0,2.1,55,0,31003,0,0
187,6,13,1,False,2021-08-14T11:30:00Z,5,1,1,45,0,0,0,1,0,0,0,0,0,0,0,7,3.6,1.3,0.0,0.5,65,0,112933,0,0
188,6,13,5,False,2021-08-14T11:30:00Z,5,1,1,90,0,1,0,5,0,0,0,0,0,0,0,25,29.6,13.1,0.0,4.3,55,0,1045606,0,0
189,6,13,2,False,2021-08-14T11:30:00Z,5,1,1,76,0,0,0,5,0,0,0,0,0,0,0,0,0.0,10.8,8.0,1.8,80,0,1258401,0,0
190,6,13,0,False,2021-08-14T11:30:00Z,5,1,1,0,0,0,0,0,0,0,0,0,0,0,0,0,0.0,0.0,0.0,0.0,45,0,8101,0,0
191,6,13,0,False,2021-08-14T11:30:00Z,5,1,1,0,0,0,0,0,0,0,0,0,0,0,0,0,0.0,0.0,0.0,0.0,50,0,161941,0,0
192,6,13,1,False,2021-08-14T11:30:00Z,5,1,1,21,0,0,0,0,0,0,0,0,0,0,0,1,0.0,0.4,1.0,0.0,55,0,14333,0,0
193,6,13,1,False,2021-08-14T11:30:00Z,5,1,1,13,0,0,0,0,0,0,0,0,0,0,0,7,4.4,14.3,3.0,2.2,50,0,4628,0,0
194,6,13,0,False,2021-08-14T11:30:00Z,5,1,1,90,0,0,0,5,0,0,0,0,0,0,0,14,14.4,0.3,0.0,1.5,45,0,21640,0,0
195,6,13,0,False,2021-08-14T11:30:00Z,5,1,1,0,0,0,0,0,0,0,0,0,0,0,0,0,0.0,0.0,0.0,0.0,45,0,5955,0,0
196,6,13,1,False,2021-08-14T11:30:00Z,5,1,1,90,0,0,0,5,0,0,0,1,0,0,0,9,11.6,19.4,16.0,4.7,65,0,1238151,0,0
197,6,13,0,False,2021-08-14T11:30:00Z,5,1,1,0,0,0,0,0,0,0,0,0,0,0,0,0,0.0,0.0,0.0,0.0,45,0,4409,0,0
198,6,13,0,False,2021-08-14T11:30:00Z,5,1,1,90,0,0,0,5,0,0,0,0,0,0,0,15,16.4,0.0,0.0,1.6,45,0,29507,0,0
199,6,13,1,False,2021-08-14T11:30:00Z,5,1,1,90,0,0,0,5,0,0,0,0,0,3,0,17,21.6,0.0,0.0,2.2,50,0,281639,0,0
267,6,13,2,False,2021-08-14T11:30:00Z,5,1,1,68,0,0,0,5,0,0,0,0,0,0,0,8,10.2,21.1,7.0,3.8,60,0,330990,0,0
463,6,13,-1,False,2021-08-14T11:30:00Z,5,1,1,45,0,0,0,4,0,0,0,0,0,0,0,4,3.8,0.8,0.0,0.5,50,0,61450,0,0
490,6,13,0,False,2021-08-14T11:30:00Z,5,1,1,0,0,0,0,0,0,0,0,0,0,0,0,0,0.0,0.0,0.0,0.0,45,0,9800,0,0
550,6,13,0,False,2021-08-14T11:30:00Z,5,1,1,0,0,0,0,0,0,0,0,0,0,0,0,0,0.0,0.0,0.0,0.0,45,0,0,0,0
551,6,13,0,False,2021-08-14T11:30:00Z,5,1,1,0,0,0,0,0,0,0,0,0,0,0,0,0,0.0,0.0,0.0,0.0,45,0,0,0,0
552,6,13,0,False,2021-08-14T11:30:00Z,5,1,1,0,0,0,0,0,0,0,0,0,0,0,0,0,0.0,0.0,0.0,0.0,45,0,0,0,0
221,7,15,2,False,2021-08-14T16:30:00Z,0,3,1,90,0,0,1,0,0,0,0,1,0,0,0,10,21.0,18.8,0.0,4.0,50,0,6425,0,0
222,7,15,0,False,2021-08-14T16:30:00Z,0,3,1,0,0,0,0,0,0,0,0,0,0,0,0,0,0.0,0.0,0.0,0.0,50,0,47909,0,0
223,7,15,0,False,2021-08-14T16:30:00Z,0,3,1,0,0,0,0,0,0,0,0,0,0,0,0,0,0.0,0.0,0.0,0.0,45,0,17548,0,0
224,7,15,6,False,2021-08-14T16:30:00Z,0,3,1,90,0,0,1,0,0,0,0,0,0,0,0,25,7.0,3.8,22.0,3.3,50,0,25704,0,0
225,7,15,0,False,2021-08-14T16:30:00Z,0,3,1,0,0,0,0,0,0,0,0,0,0,0,0,0,0.0,0.0,0.0,0.0,55,0,72500,0,0
226,7,15,0,False,2021-08-14T16:30:00Z,0,3,1,0,0,0,0,0,0,0,0,0,0,0,0,0,0.0,0.0,0.0,0.0,60,0,7832,0,0
227,7,15,3,False,2021-08-14T16:30:00Z,0,3,1,60,0,0,1,0,0,0,0,0,0,0,0,3,0.0,5.3,4.0,0.7,60,0,9191,0,0
228,7,15,7,False,2021-08-14T16:30:00Z,0,3,1,29,1,0,0,0,0,0,0,0,0,0,2,30,37.6,14.2,21.0,7.3,90,0,406171,0,0
229,7,15,7,False,2021-08-14T16:30:00Z,0,3,1,90,0,0,1,0,0,0,0,0,0,0,1,27,15.6,17.6,6.0,3.9,65,0,736976,0,0
230,7,15,3,False,2021-08-14T16:30:00Z,0,3,1,90,0,0,1,0,0,0,0,0,0,0,0,11,16.4,44.0,52.0,11.2,120,0,306339,0,0
231,7,15,7,False,2021-08-14T16:30:00Z,0,3,1,90,0,0,1,0,0,0,0,0,0,3,0,26,29.4,0.0,0.0,2.9,60,0,382936,0,0
232,7,15,1,False,2021-08-14T16:30:00Z,0,3,1,29,0,0,0,0,0,0,0,0,0,0,0,4,1.6,4.6,0.0,0.6,55,0,57480,0,0
233,7,15,17,False,2021-08-14T16:30:00Z,0,3,1,90,1,2,1,0,0,0,0,0,0,0,3,49,70.6,36.4,70.0,17.7,125,0,3548693,0,0
234,7,15,0,False,2021-08-14T16:30:00Z,0,3,1,0,0,0,0,0,0,0,0,0,0,0,0,0,0.0,0.0,0.0,0.0,70,0,106719,0,0
235,7,15,0,False,2021-08-14T16:30:00Z,0,3,1,0,0,0,0,0,0,0,0,0,0,0,0,0,0.0,0.0,0.0,0.0,50,0,80854,0,0
236,7,15,0,False,2021-08-14T16:30:00Z,0,3,1,0,0,0,0,0,0,0,0,0,0,0,0,0,0.0,0.0,0.0,0.0,55,0,9552,0,0
237,7,15,6,False,2021-08-14T16:30:00Z,0,3,1,90,0,0,1,0,0,0,0,0,0,0,0,24,18.4,48.6,4.0,7.1,75,0,2245431,0,0
238,7,15,0,False,2021-08-14T16:30:00Z,0,3,1,0,0,0,0,0,0,0,0,0,0,0,0,0,0.0,0.0,0.0,0.0,50,0,52503,0,0
239,7,15,3,False,2021-08-14T16:30:00Z,0,3,1,82,0,0,1,0,0,0,0,0,0,0,0,12,13.4,16.8,4.0,3.4,50,0,11589,0,0
240,7,15,8,False,2021-08-14T16:30:00Z,0,3,1,60,1,0,1,0,0,0,0,0,0,0,0,21,37.8,1.9,36.0,7.6,75,0,777536,0,0
241,7,15,0,False,2021-08-14T16:30:00Z,0,3,1,0,0,0,0,0,0,0,0,0,0,0,0,0,0.0,0.0,0.0,0.0,45,0,23686,0,0
242,7,15,0,False,2021-08-14T16:30:00Z,0,3,1,0,0,0,0,0,0,0,0,0,0,0,0,0,0.0,0.0,0.0,0.0,45,0,7681,0,0
243,7,15,0,False,2021-08-14T16:30:00Z,0,3,1,0,0,0,0,0,0,0,0,0,0,0,0,0,0.0,0.0,0.0,0.0,55,0,212508,0,0
244,7,15,0,False,2021-08-14T16:30:00Z,0,3,1,0,0,0,0,0,0,0,0,0,0,0,0,0,0.0,0.0,0.0,0.0,50,0,1989,0,0
245,7,15,6,False,2021-08-14T16:30:00Z,0,3,1,90,0,0,1,0,0,0,0,0,0,0,0,21,9.4,2.9,37.0,4.9,40,0,1540416,0,0
246,7,15,0,False,2021-08-14T16:30:00Z,0,3,1,0,0,0,0,0,0,0,0,0,0,0,0,0,0.0,0.0,0.0,0.0,40,0,63346,0,0
247,7,15,0,False,2021-08-14T16:30:00Z,0,3,1,0,0,0,0,0,0,0,0,0,0,0,0,0,0.0,0.0,0.0,0.0,45,0,4581,0,0
248,7,15,0,False,2021-08-14T16:30:00Z,0,3,1,0,0,0,0,0,0,0,0,0,0,0,0,0,0.0,0.0,0.0,0.0,40,0,29413,0,0
506,7,15,1,False,2021-08-14T16:30:00Z,0,3,1,7,0,0,0,0,0,0,0,0,0,0,0,3,0.4,0.8,2.0,0.3,55,0,6475,0,0
553,7,15,0,False,2021-08-14T16:30:00Z,0,3,1,0,0,0,0,0,0,0,0,0,0,0,0,0,0.0,0.0,0.0,0.0,45,0,0,0,0
33,10,17,1,False,2021-08-15T15:30:00Z,1,0,1,90,0,0,0,1,0,0,0,1,0,0,0,17,18.2,28.6,63.0,11.0,80,0,1605017,0,0
249,10,17,0,False,2021-08-15T15:30:00Z,1,0,1,0,0,0,0,0,0,0,0,0,0,0,0,0,0.0,0.0,0.0,0.0,55,0,371353,0,0
250,10,17,2,False,2021-08-15T15:30:00Z,1,0,1,90,0,0,0,1,0,0,0,0,0,0,0,8,12.4,7.8,32.0,5.2,75,0,577874,0,0
251,10,17,1,False,2021-08-15T15:30:00Z,1,0,1,11,0,0,0,0,0,0,0,0,0,0,0,4,9.0,11.6,7.0,2.8,120,0,170476,0,0
252,10,17,0,False,2021-08-15T15:30:00Z,1,0,1,0,0,0,0,0,0,0,0,0,0,0,0,0,0.0,0.0,0.0,0.0,55,0,778503,0,0
253,10,17,3,False,2021-08-15T15:30:00Z,1,0,1,78,0,0,0,1,0,0,0,0,0,0,1,22,15.2,29.1,2.0,4.6,55,0,57602,0,0
254,10,17,2,False,2021-08-15T15:30:00Z,1,0,1,78,0,0,0,1,0,0,0,0,0,0,0,9,6.4,22.1,18.0,4.7,90,0,533583,0,0
255,10,17,2,False,2021-08-15T15:30:00Z,1,0,1,69,0,0,0,1,0,0,0,0,0,0,0,1,4.2,4.2,31.0,3.9,110,0,207534,0,0
256,10,17,2,False,2021-08-15T15:30:00Z,1,0,1,90,0,0,0,1,0,0,0,0,0,0,0,21,21.2,38.5,12.0,7.2,60,0,484049,0,0
257,10,17,2,False,2021-08-15T15:30:00Z,1,0,1,90,0,0,0,1,0,0,0,0,0,1,0,10,6.6,0.0,0.0,0.7,60,0,683423,0,0
258,10,17,2,False,2021-08-15T15:30:00Z,1,0,1,90,0,0,0,1,0,0,0,0,0,0,0,15,23.8,0.3,4.0,2.8,50,0,22462,0,0
259,10,17,0,False,2021-08-15T15:30:00Z,1,0,1,0,0,0,0,0,0,0,0,0,0,0,0,0,0.0,0.0,0.0,0.0,55,0,100948,0,0
260,10,17,0,False,2021-08-15T15:30:00Z,1,0,1,0,0,0,0,0,0,0,0,0,0,0,0,0,0.0,0.0,0.0,0.0,45,0,15690,0,0
261,10,17,0,False,2021-08-15T15:30:00Z,1,0,1,0,0,0,0,0,0,0,0,0,0,0,0,0,0.0,0.0,0.0,0.0,70,0,88694,0,0
262,10,17,2,False,2021-08-15T15:30:00Z,1,0,1,90,0,0,0,1,0,0,0,0,0,0,0,14,19.8,1.0,2.0,2.3,60,0,1704318,0,0
263,10,17,1,False,2021-08-15T15:30:00Z,1,0,1,20,0,0,0,0,0,0,0,0,0,0,0,4,2.4,13.6,0.0,1.6,85,0,208816,0,0
264,10,17,1,False,2021-08-15T15:30:00Z,1,0,1,11,0,0,0,0,0,0,0,0,0,0,0,3,2.8,0.6,0.0,0.3,55,0,104388,0,0
265,10,17,0,False,2021-08-15T15:30:00Z,1,0,1,0,0,0,0,0,0,0,0,0,0,0,0,0,0.0,0.0,0.0,0.0,80,0,105611,0,0
266,10,17,0,False,2021-08-15T15:30:00Z,1,0,1,0,0,0,0,0,0,0,0,0,0,0,0,0,0.0,0.0,0.0,0.0,55,0,28016,0,0
268,10,17,2,False,2021-08-15T15:30:00Z,1,0,1,90,0,0,0,1,0,0,0,0,0,0,0,4,5.0,2.9,32.0,4.0,70,0,129946,0,0
453,10,17,2,False,2021-08-15T15:30:00Z,1,0,1,90,0,0,0,1,0,0,0,0,0,0,0,10,11.2,28.7,8.0,4.8,50,0,22889,0,0
507,10,17,0,False,2021-08-15T15:30:00Z,1,0,1,0,0,0,0,0,0,0,0,0,0,0,0,0,0.0,0.0,0.0,0.0,45,0,2450,0,0
508,10,17,0,False,2021-08-15T15:30:00Z,1,0,1,0,0,0,0,0,0,0,0,0,0,0,0,0,0.0,0.0,0.0,0.0,50,0,1270,0,0
269,6,10,0,True,2021-08-14T11:30:00Z,5,1,1,0,0,0,0,0,0,0,0,0,0,0,0,0,0.0,0.0,0.0,0.0,85,0,556860,0,0
270,6,10,2,True,2021-08-14T11:30:00Z,5,1,1,90,0,0,0,1,0,0,0,0,0,2,0,16,13.2,0.0,0.0,1.3,50,0,173508,0,0
271,6,10,1,True,2021-08-14T11:30:00Z,5,1,1,21,0,0,0,0,0,0,0,0,0,0,0,4,6.6,1.7,0.0,0.8,45,0,14969,0,0
272,6,10,16,True,2021-08-14T11:30:00Z,5,1,1,74,0,4,0,1,0,0,0,0,0,0,2,46,74.8,60.0,15.0,15.0,75,0,214089,0,0
273,6,10,2,True,2021-08-14T11:30:00Z,5,1,1,90,0,0,0,1,0,0,0,0,0,0,0,12,10.0,0.9,4.0,1.5,55,0,842854,0,0
274,6,10,7,True,2021-08-14T11:30:00Z,5,1,1,90,1,0,0,1,0,0,0,0,0,0,0,25,37.8,7.2,17.0,6.2,50,0,13665,0,0
275,6,10,1,True,2021-08-14T11:30:00Z,5,1,1,90,0,0,0,1,0,0,0,1,0,0,0,5,6.2,28.7,6.0,4.1,55,0,3743944,0,0
276,6,10,0,True,2021-08-14T11:30:00Z,5,1,1,0,0,0,0,0,0,0,0,0,0,0,0,0,0.0,0.0,0.0,0.0,70,0,150273,0,0
277,6,10,20,True,2021-08-14T11:30:00Z,5,1,1,90,3,0,0,1,0,0,0,0,0,0,3,61,106.2,35.9,59.0,20.1,120,0,3381004,0,0
278,6,10,1,True,2021-08-14T11:30:00Z,5,1,1,15,0,0,0,0,0,0,0,0,0,0,0,5,2.4,1.2,0.0,0.4,80,0,130051,0,0
279,6,10,0,True,2021-08-14T11:30:00Z,5,1,1,0,0,0,0,0,0,0,0,0,0,0,0,0,0.0,0.0,0.0,0.0,50,0,1436,0,0
280,6,10,0,True,2021-08-14T11:30:00Z,5,1,1,0,0,0,0,0,0,0,0,0,0,0,0,0,0.0,0.0,0.0,0.0,50,0,117077,0,0
281,6,10,0,True,2021-08-14T11:30:00Z,5,1,1,0,0,0,0,0,0,0,0,0,0,0,0,0,0.0,0.0,0.0,0.0,95,0,21167,0,0
282,6,10,0,True,2021-08-14T11:30:00Z,5,1,1,0,0,0,0,0,0,0,0,0,0,0,0,0,0.0,0.0,0.0,0.0,60,0,10131,0,0
284,6,10,5,True,2021-08-14T11:30:00Z,5,1,1,90,0,1,0,1,0,0,0,0,0,0,0,23,30.2,13.4,0.0,4.4,50,0,38513,0,0
285,6,10,2,True,2021-08-14T11:30:00Z,5,1,1,68,0,0,0,1,0,0,0,0,0,0,0,14,15.6,12.4,20.0,4.8,55,0,36489,0,0
286,6,10,0,True,2021-08-14T11:30:00Z,5,1,1,0,0,0,0,0,0,0,0,0,0,0,0,0,0.0,0.0,0.0,0.0,50,0,9363,0,0
287,6,10,2,True,2021-08-14T11:30:00Z,5,1,1,74,0,0,0,1,0,0,0,0,0,0,0,3,8.6,12.8,43.0,6.4,60,0,9452,0,0
288,6,10,2,True,2021-08-14T11:30:00Z,5,1,1,90,0,0,0,1,0,0,0,0,0,0,0,8,4.8,2.3,2.0,0.9,55,0,704348,0,0
289,6,10,8,True,2021-08-14T11:30:00Z,5,1,1,90,1,0,0,1,0,0,0,0,0,0,1,28,41.2,23.7,27.0,9.2,75,0,506276,0,0
290,6,10,0,True,2021-08-14T11:30:00Z,5,1,1,0,0,0,0,0,0,0,0,0,0,0,0,0,0.0,0.0,0.0,0.0,40,0,135410,0,0
459,6,10,0,True,2021-08-14T11:30:00Z,5,1,1,0,0,0,0,0,0,0,0,0,0,0,0,0,0.0,0.0,0.0,0.0,50,0,3734,0,0
485,6,10,1,True,2021-08-14T11:30:00Z,5,1,1,15,0,0,0,0,0,0,0,0,0,0,0,3,1.0,5.8,0.0,0.7,95,0,683763,0,0
509,6,10,0,True,2021-08-14T11:30:00Z,5,1,1,0,0,0,0,0,0,0,0,0,0,0,0,0,0.0,0.0,0.0,0.0,40,0,25705,0,0
510,6,10,0,True,2021-08-14T11:30:00Z,5,1,1,0,0,0,0,0,0,0,0,0,0,0,0,0,0.0,0.0,0.0,0.0,45,0,4750,0,0
511,6,10,0,True,2021-08-14T11:30:00Z,5,1,1,0,0,0,0,0,0,0,0,0,0,0,0,0,0.0,0.0,0.0,0.0,50,0,1693,0,0
512,6,10,0,True,2021-08-14T11:30:00Z,5,1,1,0,0,0,0,0,0,0,0,0,0,0,0,0,0.0,0.0,0.0,0.0,50,0,1515,0,0
19,9,19,0,True,2021-08-15T13:00:00Z,2,4,1,0,0,0,0,0,0,0,0,0,0,0,0,0,0.0,0.0,0.0,0.0,60,0,95790,0,0
291,9,19,1,True,2021-08-15T13:00:00Z,2,4,1,69,0,0,0,4,0,0,0,1,0,0,0,7,3.6,14.4,0.0,1.8,55,0,9252,0,0
292,9,19,3,True,2021-08-15T13:00:00Z,2,4,1,90,0,1,0,4,0,0,0,0,0,0,0,24,28.0,54.9,14.0,9.7,50,0,16998,0,0
293,9,19,0,True,2021-08-15T13:00:00Z,2,4,1,90,0,0,0,4,0,0,0,0,0,0,0,12,16.6,11.6,28.0,5.6,45,0,9309,0,0
294,9,19,0,True,2021-08-15T13:00:00Z,2,4,1,0,0,0,0,0,0,0,0,0,0,0,0,0,0.0,0.0,0.0,0.0,45,0,53679,0,0
295,9,19,0,True,2021-08-15T13:00:00Z,2,4,1,0,0,0,0,0,0,0,0,0,0,0,0,0,0.0,0.0,0.0,0.0,45,0,12762,0,0
296,9,19,6,True,2021-08-15T13:00:00Z,2,4,1,84,1,0,0,4,0,0,0,0,0,0,0,26,33.0,1.1,70.0,10.4,75,0,484010,0,0
297,9,19,0,True,2021-08-15T13:00:00Z,2,4,1,0,0,0,0,0,0,0,0,0,0,0,0,0,0.0,0.0,0.0,0.0,50,0,4139,0,0
298,9,19,1,True,2021-08-15T13:00:00Z,2,4,1,20,0,0,0,0,0,0,0,0,0,0,0,2,0.0,1.3,5.0,0.5,55,0,9176,0,0
299,9,19,0,True,2021-08-15T13:00:00Z,2,4,1,0,0,0,0,0,0,0,0,0,0,0,0,0,0.0,0.0,0.0,0.0,45,0,27048,0,0
300,9,19,0,True,2021-08-15T13:00:00Z,2,4,1,0,0,0,0,0,0,0,0,0,0,0,0,0,0.0,0.0,0.0,0.0,55,0,16263,0,0
301,9,19,0,True,2021-08-15T13:00:00Z,2,4,1,0,0,0,0,0,0,0,0,0,0,0,0,0,0.0,0.0,0.0,0.0,45,0,1515,0,0
302,9,19,0,True,2021-08-15T13:00:00Z,2,4,1,0,0,0,0,0,0,0,0,0,0,0,0,0,0.0,0.0,0.0,0.0,40,0,688449,0,0
303,9,19,0,True,2021-08-15T13:00:00Z,2,4,1,84,0,0,0,4,0,0,0,0,0,0,0,10,9.4,1.3,4.0,1.5,45,0,4670,0,0
304,9,19,7,True,2021-08-15T13:00:00Z,2,4,1,90,1,0,0,4,0,0,0,0,0,0,0,23,43.4,20.3,30.0,9.4,50,0,7373,0,0
305,9,19,0,True,2021-08-15T13:00:00Z,2,4,1,0,0,0,0,0,0,0,0,0,0,0,0,0,0.0,0.0,0.0,0.0,45,0,17533,0,0
306,9,19,2,True,2021-08-15T13:00:00Z,2,4,1,90,0,0,0,4,0,0,0,0,0,0,0,14,8.8,3.3,8.0,2.0,45,0,10633,0,0
307,9,19,6,True,2021-08-15T13:00:00Z,2,4,1,90,0,1,0,4,0,0,0,0,0,0,1,34,39.6,48.3,10.0,9.8,65,0,293340,0,0
308,9,19,2,True,2021-08-15T13:00:00Z,2,4,1,90,0,0,0,4,0,0,0,0,0,0,0,12,10.0,13.8,18.0,4.2,55,0,34866,0,0
309,9,19,1,True,2021-08-15T13:00:00Z,2,4,1,6,0,0,0,0,0,0,0,0,0,0,0,3,4.4,0.4,0.0,0.5,45,0,22857,0,0
310,9,19,1,True,2021-08-15T13:00:00Z,2,4,1,5,0,0,0,0,0,0,0,0,0,0,0,3,0.0,0.8,0.0,0.1,60,0,44613,0,0
311,9,19,0,True,2021-08-15T13:00:00Z,2,4,1,0,0,0,0,0,0,0,0,0,0,0,0,0,0.0,0.0,0.0,0.0,45,0,11767,0,0
312,9,19,0,True,2021-08-15T13:00:00Z,2,4,1,0,0,0,0,0,0,0,0,0,0,0,0,0,0.0,0.0,0.0,0.0,45,0,9525,0,0
465,9,19,0,True,2021-08-15T13:00:00Z,2,4,1,90,0,0,0,4,0,0,0,0,0,0,0,20,46.8,0.3,4.0,5.1,45,0,14823,0,0
513,9,19,6,True,2021-08-15T13:00:00Z,2,4,1,90,0,0,0,4,0,1,0,0,0,4,0,30,51.0,0.0,0.0,5.1,45,0,10930,0,0
514,9,19,0,True,2021-08-15T13:00:00Z,2,4,1,0,0,0,0,0,0,0,0,0,0,0,0,0,0.0,0.0,0.0,0.0,40,0,12284,0,0
145,7,11,2,True,2021-08-14T16:30:00Z,0,3,1,90,0,0,0,3,0,0,0,0,0,0,0,14,11.6,2.1,0.0,1.4,45,0,592329,0,0
313,7,11,0,True,2021-08-14T16:30:00Z,0,3,1,0,0,0,0,0,0,0,0,0,0,0,0,0,0.0,0.0,0.0,0.0,40,0,45779,0,0
314,7,11,2,True,2021-08-14T16:30:00Z,0,3,1,90,0,0,0,3,0,0,0,0,0,3,0,15,30.8,0.0,0.0,3.1,45,0,99090,0,0
315,7,11,2,True,2021-08-14T16:30:00Z,0,3,1,76,0,0,0,3,0,0,0,0,0,0,0,0,3.6,2.5,17.0,2.3,60,0,449744,0,0
316,7,11,0,True,2021-08-14T16:30:00Z,0,3,1,0,0,0,0,0,0,0,0,0,0,0,0,0,0.0,0.0,0.0,0.0,50,0,77,0,0
317,7,11,2,True,2021-08-14T16:30:00Z,0,3,1,90,0,0,0,3,0,0,0,0,0,0,0,13,5.2,2.2,21.0,2.8,45,0,8058,0,0
318,7,11,0,True,2021-08-14T16:30:00Z,0,3,1,0,0,0,0,0,0,0,0,0,0,0,0,0,0.0,0.0,0.0,0.0,50,0,3511,0,0
319,7,11,1,True,2021-08-14T16:30:00Z,0,3,1,90,0,0,0,3,0,0,0,0,0,0,0,20,25.6,10.1,34.0,7.0,45,0,12650,0,0
320,7,11,0,True,2021-08-14T16:30:00Z,0,3,1,0,0,0,0,0,0,0,0,0,0,0,0,0,0.0,0.0,0.0,0.0,50,0,4889,0,0
321,7,11,0,True,2021-08-14T16:30:00Z,0,3,1,0,0,0,0,0,0,0,0,0,0,0,0,0,0.0,0.0,0.0,0.0,45,0,2098,0,0
322,7,11,0,True,2021-08-14T16:30:00Z,0,3,1,0,0,0,0,0,0,0,0,0,0,0,0,0,0.0,0.0,0.0,0.0,55,0,3139,0,0
323,7,11,1,True,2021-08-14T16:30:00Z,0,3,1,4,0,0,0,0,0,0,0,0,0,0,0,5,4.2,20.8,4.0,2.9,55,0,4891,0,0
324,7,11,0,True,2021-08-14T16:30:00Z,0,3,1,0,0,0,0,0,0,0,0,0,0,0,0,0,0.0,0.0,0.0,0.0,45,0,7768,0,0
325,7,11,1,True,2021-08-14T16:30:00Z,0,3,1,85,0,0,0,3,0,0,0,1,0,0,0,14,12.4,31.4,1.0,4.5,55,0,47808,0,0
326,7,11,1,True,2021-08-14T16:30:00Z,0,3,1,90,0,0,0,3,0,0,0,0,0,0,0,15,29.4,12.4,1.0,4.3,45,0,156882,0,0
327,7,11,0,True,2021-08-14T16:30:00Z,0,3,1,0,0,0,0,0,0,0,0,0,0,0,0,0,0.0,0.0,0.0,0.0,45,0,5315,0,0
328,7,11,0,True,2021-08-14T16:30:00Z,0,3,1,0,0,0,0,0,0,0,0,0,0,0,0,0,0.0,0.0,0.0,0.0,50,0,1551,0,0
329,7,11,1,True,2021-08-14T16:30:00Z,0,3,1,13,0,0,0,0,0,0,0,0,0,0,0,3,3.2,0.5,33.0,3.7,50,0,31923,0,0
330,7,11,0,True,2021-08-14T16:30:00Z,0,3,1,0,0,0,0,0,0,0,0,0,0,0,0,0,0.0,0.0,0.0,0.0,50,0,55,0,0
331,7,11,0,True,2021-08-14T16:30:00Z,0,3,1,0,0,0,0,0,0,0,0,0,0,0,0,0,0.0,0.0,0.0,0.0,40,0,111756,0,0
448,7,11,0,True,2021-08-14T16:30:00Z,0,3,1,0,0,0,0,0,0,0,0,0,0,0,0,0,0.0,0.0,0.0,0.0,40,0,103597,0,0
449,7,11,2,True,2021-08-14T16:30:00Z,0,3,1,76,0,0,0,3,0,0,0,0,0,0,0,5,3.4,29.2,6.0,3.9,55,0,14489,0,0
456,7,11,1,True,2021-08-14T16:30:00Z,0,3,1,90,0,0,0,3,0,0,0,0,0,0,0,15,32.4,0.6,51.0,8.4,45,0,6190,0,0
457,7,11,1,True,2021-08-14T16:30:00Z,0,3,1,90,0,0,0,3,0,0,0,0,0,0,0,18,21.4,12.2,2.0,3.6,45,0,6451,0,0
471,7,11,2,True,2021-08-14T16:30:00Z,0,3,1,90,0,0,0,3,0,0,0,0,0,0,0,15,29.0,30.1,4.0,6.3,50,0,4850,0,0
515,7,11,0,True,2021-08-14T16:30:00Z,0,3,1,0,0,0,0,0,0,0,0,0,0,0,0,0,0.0,0.0,0.0,0.0,40,0,21526,0,0
516,7,11,1,True,2021-08-14T16:30:00Z,0,3,1,13,0,0,0,0,0,0,0,0,0,0,0,5,2.4,0.3,4.0,0.7,55,0,8779,0,0
528,7,11,0,True,2021-08-14T16:30:00Z,0,3,1,0,0,0,0,0,0,0,0,0,0,0,0,0,0.0,0.0,0.0,0.0,50,0,4851,0,0
332,4,8,2,False,2021-08-14T14:00:00Z,3,1,1,79,0,0,0,2,0,0,0,0,0,0,0,8,1.6,1.8,6.0,0.9,60,0,16692,0,0
333,4,8,0,False,2021-08-14T14:00:00Z,3,1,1,0,0,0,0,0,0,0,0,0,0,0,0,0,0.0,0.0,0.0,0.0,45,0,81382,0,0
334,4,8,2,False,2021-08-14T14:00:00Z,3,1,1,90,0,0,0,3,0,0,0,0,0,3,0,16,22.0,0.0,0.0,2.2,45,0,105810,0,0
335,4,8,2,False,2021-08-14T14:00:00Z,3,1,1,79,0,0,0,2,0,0,0,0,0,0,0,12,7.4,6.3,8.0,2.2,45,0,37248,0,0
336,4,8,1,False,2021-08-14T14:00:00Z,3,1,1,7,0,0,0,0,0,0,0,0,0,0,0,4,2.6,1.4,2.0,0.6,60,0,8313,0,0
338,4,8,1,False,2021-08-14T14:00:00Z,3,1,1,90,0,0,0,3,0,0,0,0,0,0,0,6,10.0,0.5,2.0,1.3,45,0,7152,0,0
339,4,8,0,False,2021-08-14T14:00:00Z,3,1,1,0,0,0,0,0,0,0,0,0,0,0,0,0,0.0,0.0,0.0,0.0,60,0,29374,0,0
341,4,8,2,False,2021-08-14T14:00:00Z,3,1,1,90,0,0,0,3,0,0,0,0,0,0,0,20,21.6,30.5,0.0,5.2,65,0,299682,0,0
342,4,8,0,False,2021-08-14T14:00:00Z,3,1,1,0,0,0,0,0,0,0,0,0,0,0,0,0,0.0,0.0,0.0,0.0,50,0,55553,0,0
343,4,8,0,False,2021-08-14T14:00:00Z,3,1,1,0,0,0,0,0,0,0,0,0,0,0,0,0,0.0,0.0,0.0,0.0,45,0,82735,0,0
344,4,8,0,False,2021-08-14T14:00:00Z,3,1,1,0,0,0,0,0,0,0,0,0,0,0,0,0,0.0,0.0,0.0,0.0,45,0,2798,0,0
345,4,8,5,False,2021-08-14T14:00:00Z,3,1,1,90,0,1,0,3,0,0,0,0,0,0,0,16,26.4,18.3,10.0,5.5,70,0,122487,0,0
346,4,8,1,False,2021-08-14T14:00:00Z,3,1,1,10,0,0,0,1,0,0,0,0,0,0,0,2,0.2,0.3,2.0,0.3,50,0,9118,0,0
347,4,8,0,False,2021-08-14T14:00:00Z,3,1,1,0,0,0,0,0,0,0,0,0,0,0,0,0,0.0,0.0,0.0,0.0,45,0,880,0,0
348,4,8,0,False,2021-08-14T14:00:00Z,3,1,1,0,0,0,0,0,0,0,0,0,0,0,0,0,0.0,0.0,0.0,0.0,45,0,849691,0,0
349,4,8,1,False,2021-08-14T14:00:00Z,3,1,1,10,0,0,0,1,0,0,0,0,0,0,0,3,0.6,0.9,18.0,2.0,45,0,7483,0,0
350,4,8,2,False,2021-08-14T14:00:00Z,3,1,1,90,0,0,0,3,0,0,0,0,0,0,0,5,17.2,7.2,14.0,3.8,55,0,4568,0,0
351,4,8,1,False,2021-08-14T14:00:00Z,3,1,1,90,0,0,0,3,0,0,0,0,0,0,0,14,23.4,1.4,19.0,4.4,45,0,6041,0,0
460,4,8,1,False,2021-08-14T14:00:00Z,3,1,1,82,0,0,0,3,0,0,0,0,0,0,0,7,7.6,11.5,0.0,1.9,50,0,7538,0,0
491,4,8,1,False,2021-08-14T14:00:00Z,3,1,1,90,0,0,0,3,0,0,0,0,0,0,0,12,23.0,10.2,2.0,3.5,40,0,114247,0,0
517,4,8,0,False,2021-08-14T14:00:00Z,3,1,1,0,0,0,0,0,0,0,0,0,0,0,0,0,0.0,0.0,0.0,0.0,55,0,1933,0,0
518,4,8,0,False,2021-08-14T14:00:00Z,3,1,1,0,0,0,0,0,0,0,0,0,0,0,0,0,0.0,0.0,0.0,0.0,50,0,50205,0,0
519,4,8,0,False,2021-08-14T14:00:00Z,3,1,1,0,0,0,0,0,0,0,0,0,0,0,0,0,0.0,0.0,0.0,0.0,55,0,13833,0,0
525,4,8,6,False,2021-08-14T14:00:00Z,3,1,1,90,1,0,0,3,0,0,0,0,0,0,0,24,33.2,1.0,40.0,7.4,60,0,65676,0,0
546,4,8,0,False,2021-08-14T14:00:00Z,3,1,1,0,0,0,0,0,0,0,0,0,0,0,0,0,0.0,0.0,0.0,0.0,40,0,0,0,0
352,10,12,0,True,2021-08-15T15:30:00Z,1,0,1,0,0,0,0,0,0,0,0,0,0,0,0,0,0.0,0.0,0.0,0.0,45,0,3224,0,0
353,10,12,10,True,2021-08-15T15:30:00Z,1,0,1,90,0,0,1,0,0,0,0,0,0,4,3,28,31.8,0.0,0.0,3.2,55,0,224734,0,0
354,10,12,0,True,2021-08-15T15:30:00Z,1,0,1,0,0,0,0,0,0,0,0,0,0,0,0,0,0.0,0.0,0.0,0.0,45,0,95256,0,0
355,10,12,0,True,2021-08-15T15:30:00Z,1,0,1,0,0,0,0,0,0,0,0,0,0,0,0,0,0.0,0.0,0.0,0.0,50,0,3820,0,0
356,10,12,0,True,2021-08-15T15:30:00Z,1,0,1,0,0,0,0,0,0,0,0,0,0,0,0,0,0.0,0.0,0.0,0.0,60,0,707,0,0
357,10,12,0,True,2021-08-15T15:30:00Z,1,0,1,0,0,0,0,0,0,0,0,0,0,0,0,0,0.0,0.0,0.0,0.0,125,0,991445,0,0
358,10,12,0,True,2021-08-15T15:30:00Z,1,0,1,0,0,0,0,0,0,0,0,0,0,0,0,0,0.0,0.0,0.0,0.0,50,0,40214,0,0
359,10,12,10,True,2021-08-15T15:30:00Z,1,0,1,90,1,0,1,0,0,0,0,0,0,0,2,27,32.8,19.7,41.0,9.4,100,0,1412718,0,0
360,10,12,1,True,2021-08-15T15:30:00Z,1,0,1,7,0,0,0,0,0,0,0,0,0,0,0,4,3.0,0.3,0.0,0.3,50,0,50765,0,0
361,10,12,7,True,2021-08-15T15:30:00Z,1,0,1,90,0,0,1,0,0,0,0,0,0,0,1,22,17.0,0.1,0.0,1.7,45,0,96915,0,0
362,10,12,2,True,2021-08-15T15:30:00Z,1,0,1,90,0,0,1,0,0,0,0,1,0,0,0,9,16.4,37.6,43.0,9.7,65,0,53342,0,0
363,10,12,3,True,2021-08-15T15:30:00Z,1,0,1,90,0,0,1,0,0,0,0,0,0,0,0,6,12.4,2.2,0.0,1.5,65,0,84222,0,0
364,10,12,0,True,2021-08-15T15:30:00Z,1,0,1,0,0,0,0,0,0,0,0,0,0,0,0,0,0.0,0.0,0.0,0.0,45,0,18832,0,0
365,10,12,3,True,2021-08-15T15:30:00Z,1,0,1,89,0,0,1,0,0,0,0,0,0,0,0,13,12.6,21.8,12.0,4.6,50,0,203490,0,0
366,10,12,0,True,2021-08-15T15:30:00Z,1,0,1,0,0,0,0,0,0,0,0,0,0,0,0,0,0.0,0.0,0.0,0.0,45,0,74300,0,0
367,10,12,5,True,2021-08-15T15:30:00Z,1,0,1,90,0,0,1,0,0,0,0,1,0,0,0,21,18.8,0.3,6.0,2.5,45,0,37061,0,0
368,10,12,0,True,2021-08-15T15:30:00Z,1,0,1,0,0,0,0,0,0,0,0,0,0,0,0,0,0.0,0.0,0.0,0.0,45,0,10883,0,0
369,10,12,6,True,2021-08-15T15:30:00Z,1,0,1,76,0,1,1,0,0,0,0,0,0,0,0,13,22.8,21.9,23.0,6.8,60,0,18514,0,0
370,10,12,7,True,2021-08-15T15:30:00Z,1,0,1,90,0,0,1,0,0,0,0,0,0,0,1,22,10.4,25.3,2.0,3.8,50,0,188039,0,0
371,10,12,6,True,2021-08-15T15:30:00Z,1,0,1,82,0,0,1,0,0,0,0,0,0,0,0,20,13.8,5.7,2.0,2.2,45,0,11654,0,0
372,10,12,1,True,2021-08-15T15:30:00Z,1,0,1,13,0,0,0,0,0,0,0,0,0,0,0,6,3.0,1.0,2.0,0.6,60,0,10720,0,0
373,10,12,3,True,2021-08-15T15:30:00Z,1,0,1,90,0,0,1,0,0,0,0,0,0,0,0,11,16.2,0.8,0.0,1.7,45,0,17425,0,0
374,10,12,0,True,2021-08-15T15:30:00Z,1,0,1,0,0,0,0,0,0,0,0,0,0,0,0,0,0.0,0.0,0.0,0.0,45,0,8844,0,0
375,10,12,0,True,2021-08-15T15:30:00Z,1,0,1,0,0,0,0,0,0,0,0,0,0,0,0,0,0.0,0.0,0.0,0.0,60,0,22204,0,0
486,10,12,0,True,2021-08-15T15:30:00Z,1,0,1,0,0,0,0,0,0,0,0,0,0,0,0,0,0.0,0.0,0.0,0.0,45,0,18475,0,0
487,10,12,0,True,2021-08-15T15:30:00Z,1,0,1,0,0,0,0,0,0,0,0,0,0,0,0,0,0.0,0.0,0.0,0.0,60,0,9372,0,0
494,10,12,1,True,2021-08-15T15:30:00Z,1,0,1,1,0,0,0,0,0,0,0,0,0,0,0,3,0.2,0.2,0.0,0.0,50,0,22135,0,0
520,10,12,0,True,2021-08-15T15:30:00Z,1,0,1,0,0,0,0,0,0,0,0,0,0,0,0,0,0.0,0.0,0.0,0.0,45,0,112697,0,0
376,8,2,0,True,2021-08-14T14:00:00Z,3,2,1,0,0,0,0,0,0,0,0,0,0,0,0,0,0.0,0.0,0.0,0.0,40,0,1859663,0,0
377,8,2,0,True,2021-08-14T14:00:00Z,3,2,1,0,0,0,0,0,0,0,0,0,0,0,0,0,0.0,0.0,0.0,0.0,45,0,47198,0,0
378,8,2,1,True,2021-08-14T14:00:00Z,3,2,1,21,0,0,0,2,0,0,0,0,0,0,0,3,2.6,0.3,0.0,0.3,50,0,4874,0,0
379,8,2,1,True,2021-08-14T14:00:00Z,3,2,1,90,0,0,0,2,0,0,0,0,0,0,0,6,11.8,0.8,0.0,1.3,45,0,10383,0,0
380,8,2,1,True,2021-08-14T14:00:00Z,3,2,1,11,0,0,0,1,0,0,0,0,0,0,0,3,2.0,0.3,0.0,0.2,55,0,225411,0,0
381,8,2,5,True,2021-08-14T14:00:00Z,3,2,1,78,0,1,0,1,0,0,0,0,0,0,0,17,22.8,12.0,2.0,3.7,50,0,6655,0,0
382,8,2,0,True,2021-08-14T14:00:00Z,3,2,1,0,0,0,0,0,0,0,0,0,0,0,0,0,0.0,0.0,0.0,0.0,45,0,15648,0,0
383,8,2,0,True,2021-08-14T14:00:00Z,3,2,1,0,0,0,0,0,0,0,0,0,0,0,0,0,0.0,0.0,0.0,0.0,55,0,19046,0,0
384,8,2,1,True,2021-08-14T14:00:00Z,3,2,1,90,0,0,0,2,0,0,0,0,0,0,0,12,20.2,0.1,4.0,2.4,45,0,6905,0,0
385,8,2,0,True,2021-08-14T14:00:00Z,3,2,1,0,0,0,0,0,0,0,0,0,0,0,0,0,0.0,0.0,0.0,0.0,50,0,1795,0,0
386,8,2,0,True,2021-08-14T14:00:00Z,3,2,1,0,0,0,0,0,0,0,0,0,0,0,0,0,0.0,0.0,0.0,0.0,50,0,5046,0,0
387,8,2,1,True,2021-08-14T14:00:00Z,3,2,1,90,0,0,0,2,0,0,0,0,0,0,0,11,7.8,0.0,0.0,0.8,45,0,7659,0,0
388,8,2,0,True,2021-08-14T14:00:00Z,3,2,1,0,0,0,0,0,0,0,0,0,0,0,0,0,0.0,0.0,0.0,0.0,45,0,305769,0,0
389,8,2,1,True,2021-08-14T14:00:00Z,3,2,1,90,0,0,0,2,0,0,0,0,0,0,0,9,2.8,0.0,0.0,0.3,45,0,149145,0,0
390,8,2,1,True,2021-08-14T14:00:00Z,3,2,1,90,0,0,0,2,0,0,0,0,0,0,0,8,7.2,0.3,0.0,0.8,45,0,7697,0,0
391,8,2,1,True,2021-08-14T14:00:00Z,3,2,1,90,0,0,0,2,0,0,0,1,0,0,0,4,8.0,25.2,4.0,3.7,55,0,4107,0,0
392,8,2,0,True,2021-08-14T14:00:00Z,3,2,1,0,0,0,0,0,0,0,0,0,0,0,0,0,0.0,0.0,0.0,0.0,55,0,744,0,0
393,8,2,0,True,2021-08-14T14:00:00Z,3,2,1,0,0,0,0,0,0,0,0,0,0,0,0,0,0.0,0.0,0.0,0.0,50,0,38535,0,0
394,8,2,0,True,2021-08-14T14:00:00Z,3,2,1,0,0,0,0,0,0,0,0,0,0,0,0,0,0.0,0.0,0.0,0.0,45,0,4092,0,0
395,8,2,0,True,2021-08-14T14:00:00Z,3,2,1,0,0,0,0,0,0,0,0,0,0,0,0,0,0.0,0.0,0.0,0.0,50,0,17050,0,0
396,8,2,0,True,2021-08-14T14:00:00Z,3,2,1,0,0,0,0,0,0,0,0,0,0,0,0,0,0.0,0.0,0.0,0.0,45,0,13068,0,0
397,8,2,0,True,2021-08-14T14:00:00Z,3,2,1,0,0,0,0,0,0,0,0,0,0,0,0,0,0.0,0.0,0.0,0.0,45,0,6842,0,0
398,8,2,0,True,2021-08-14T14:00:00Z,3,2,1,0,0,0,0,0,0,0,0,0,0,0,0,0,0.0,0.0,0.0,0.0,40,0,53117,0,0
399,8,2,9,True,2021-08-14T14:00:00Z,3,2,1,90,1,0,0,2,0,0,0,0,0,0,2,30,48.4,46.1,44.0,13.9,60,0,192715,0,0
400,8,2,0,True,2021-08-14T14:00:00Z,3,2,1,0,0,0,0,0,0,0,0,0,0,0,0,0,0.0,0.0,0.0,0.0,45,0,4345,0,0
401,8,2,0,True,2021-08-14T14:00:00Z,3,2,1,0,0,0,0,0,0,0,0,0,0,0,0,0,0.0,0.0,0.0,0.0,45,0,64,0,0
402,8,2,0,True,2021-08-14T14:00:00Z,3,2,1,0,0,0,0,0,0,0,0,0,0,0,0,0,0.0,0.0,0.0,0.0,45,0,3366,0,0
403,8,2,0,True,2021-08-14T14:00:00Z,3,2,1,0,0,0,0,0,0,0,0,0,0,0,0,0,0.0,0.0,0.0,0.0,55,0,2882,0,0
404,8,2,0,True,2021-08-14T14:00:00Z,3,2,1,0,0,0,0,0,0,0,0,0,0,0,0,0,0.0,0.0,0.0,0.0,55,0,16092,0,0
405,8,2,0,True,2021-08-14T14:00:00Z,3,2,1,0,0,0,0,0,0,0,0,0,0,0,0,0,0.0,0.0,0.0,0.0,45,0,6634,0,0
450,8,2,12,True,2021-08-14T14:00:00Z,3,2,1,65,1,1,1,0,0,0,0,0,0,0,3,44,62.2,33.4,87.0,18.3,50,0,25528,0,0
454,8,2,0,True,2021-08-14T14:00:00Z,3,2,1,0,0,0,0,0,0,0,0,0,0,0,0,0,0.0,0.0,0.0,0.0,40,0,58021,0,0
467,8,2,1,True,2021-08-14T14:00:00Z,3,2,1,90,0,0,0,2,0,0,0,1,0,0,0,16,18.0,11.6,0.0,3.0,45,0,12764,0,0
468,8,2,0,True,2021-08-14T14:00:00Z,3,2,1,0,0,0,0,0,0,0,0,0,0,0,0,0,0.0,0.0,0.0,0.0,55,0,21981,0,0
469,8,2,0,True,2021-08-14T14:00:00Z,3,2,1,0,0,0,0,0,0,0,0,0,0,0,0,0,0.0,0.0,0.0,0.0,45,0,20264,0,0
472,8,2,6,True,2021-08-14T14:00:00Z,3,2,1,24,1,0,0,2,0,0,0,0,0,0,1,28,36.2,0.3,26.0,6.3,50,0,22290,0,0
495,8,2,2,True,2021-08-14T14:00:00Z,3,2,1,68,0,0,1,0,0,0,0,1,0,0,0,3,8.2,0.8,2.0,1.1,55,0,2737,0,0
406,9,14,0,False,2021-08-15T13:00:00Z,2,4,1,0,0,0,0,0,0,0,0,0,0,0,0,0,0.0,0.0,0.0,0.0,45,0,44904,0,0
407,9,14,0,False,2021-08-15T13:00:00Z,2,4,1,0,0,0,0,0,0,0,0,0,0,0,0,0,0.0,0.0,0.0,0.0,45,0,11617,0,0
408,9,14,1,False,2021-08-15T13:00:00Z,2,4,1,90,0,0,0,2,0,0,0,0,0,1,0,10,13.2,0.0,0.0,1.3,50,0,145096,0,0
409,9,14,1,False,2021-08-15T13:00:00Z,2,4,1,90,0,0,0,2,0,0,0,0,0,0,0,18,12.0,0.9,0.0,1.3,50,0,9668,0,0
410,9,14,0,False,2021-08-15T13:00:00Z,2,4,1,0,0,0,0,0,0,0,0,0,0,0,0,0,0.0,0.0,0.0,0.0,40,0,125953,0,0
411,9,14,7,False,2021-08-15T13:00:00Z,2,4,1,90,1,0,0,2,0,0,0,0,0,0,0,30,55.8,17.5,18.0,9.1,55,0,1213434,0,0
412,9,14,1,False,2021-08-15T13:00:00Z,2,4,1,1,0,0,0,0,0,0,0,0,0,0,0,3,0.0,1.0,0.0,0.1,55,0,18464,0,0
413,9,14,13,False,2021-08-15T13:00:00Z,2,4,1,90,1,2,0,2,0,0,1,0,0,0,3,40,55.6,18.7,55.0,12.9,75,0,1617415,0,0
414,9,14,1,False,2021-08-15T13:00:00Z,2,4,1,90,0,0,0,2,0,0,0,0,0,0,0,16,22.6,1.1,20.0,4.4,50,0,21144,0,0
415,9,14,1,False,2021-08-15T13:00:00Z,2,4,1,2,0,0,0,0,0,0,0,0,0,0,0,3,0.0,0.0,0.0,0.0,45,0,9545,0,0
416,9,14,0,False,2021-08-15T13:00:00Z,2,4,1,0,0,0,0,0,0,0,0,0,0,0,0,0,0.0,0.0,0.0,0.0,60,0,9936,0,0
417,9,14,0,False,2021-08-15T13:00:00Z,2,4,1,0,0,0,0,0,0,0,0,0,0,0,0,0,0.0,0.0,0.0,0.0,45,0,5351,0,0
418,9,14,1,False,2021-08-15T13:00:00Z,2,4,1,90,0,0,0,2,0,0,0,0,0,0,0,18,20.4,23.9,6.0,5.0,50,0,932002,0,0
419,9,14,12,False,2021-08-15T13:00:00Z,2,4,1,87,1,1,0,2,0,0,0,0,0,0,2,39,52.6,15.0,60.0,12.8,60,0,420297,0,0
420,9,14,2,False,2021-08-15T13:00:00Z,2,4,1,89,0,0,0,2,0,0,0,0,0,0,0,8,20.0,20.2,32.0,7.2,65,0,114253,0,0
421,9,14,2,False,2021-08-15T13:00:00Z,2,4,1,90,0,0,0,2,0,0,0,0,0,0,0,22,27.8,25.3,6.0,5.9,50,0,299441,0,0
422,9,14,8,False,2021-08-15T13:00:00Z,2,4,1,90,1,0,0,2,0,0,0,0,0,0,1,34,53.6,3.8,93.0,15.0,60,0,753486,0,0
423,9,14,5,False,2021-08-15T13:00:00Z,2,4,1,90,0,1,0,2,0,0,0,0,0,0,0,24,37.6,48.9,24.0,11.1,60,0,27855,0,0
424,9,14,0,False,2021-08-15T13:00:00Z,2,4,1,0,0,0,0,0,0,0,0,0,0,0,0,0,0.0,0.0,0.0,0.0,45,0,30917,0,0
425,9,14,1,False,2021-08-15T13:00:00Z,2,4,1,1,0,0,0,0,0,0,0,0,0,0,0,4,1.0,0.1,0.0,0.1,40,0,169647,0,0
489,9,14,0,False,2021-08-15T13:00:00Z,2,4,1,0,0,0,0,0,0,0,0,0,0,0,0,0,0.0,0.0,0.0,0.0,50,0,86830,0,0
521,9,14,0,False,2021-08-15T13:00:00Z,2,4,1,0,0,0,0,0,0,0,0,0,0,0,0,0,0.0,0.0,0.0,0.0,40,0,34822,0,0
522,9,14,0,False,2021-08-15T13:00:00Z,2,4,1,0,0,0,0,0,0,0,0,0,0,0,0,0,0.0,0.0,0.0,0.0,45,0,6773,0,0
554,9,14,0,False,2021-08-15T13:00:00Z,2,4,1,0,0,0,0,0,0,0,0,0,0,0,0,0,0.0,0.0,0.0,0.0,40,0,0,0,0
426,5,9,2,False,2021-08-14T14:00:00Z,1,0,1,65,0,0,0,1,0,0,0,0,0,0,0,16,7.2,14.9,1.0,2.3,50,0,30970,0,0
427,5,9,0,False,2021-08-14T14:00:00Z,1,0,1,0,0,0,0,0,0,0,0,0,0,0,0,0,0.0,0.0,0.0,0.0,50,0,3082,0,0
428,5,9,0,False,2021-08-14T14:00:00Z,1,0,1,0,0,0,0,0,0,0,0,0,0,0,0,0,0.0,0.0,0.0,0.0,50,0,8049,0,0
429,5,9,2,False,2021-08-14T14:00:00Z,1,0,1,90,0,0,0,1,0,0,0,0,0,0,0,15,11.2,0.0,0.0,1.1,45,0,493790,0,0
430,5,9,2,False,2021-08-14T14:00:00Z,1,0,1,90,0,0,0,1,0,0,0,0,0,0,0,2,4.0,36.9,18.0,5.9,75,0,240264,0,0
431,5,9,2,False,2021-08-14T14:00:00Z,1,0,1,90,0,0,0,1,0,0,0,0,0,0,0,15,17.6,11.5,4.0,3.3,50,0,40940,0,0
432,5,9,1,False,2021-08-14T14:00:00Z,1,0,1,90,0,0,0,1,0,0,0,1,0,0,0,10,13.2,24.6,2.0,4.0,45,0,5788,0,0
433,5,9,0,False,2021-08-14T14:00:00Z,1,0,1,0,0,0,0,0,0,0,0,0,0,0,0,0,0.0,0.0,0.0,0.0,45,0,408,0,0
434,5,9,1,False,2021-08-14T14:00:00Z,1,0,1,24,0,0,0,0,0,0,0,0,0,0,0,4,11.6,0.6,0.0,1.2,50,0,14765,0,0
435,5,9,2,False,2021-08-14T14:00:00Z,1,0,1,90,0,0,0,1,0,0,0,0,0,0,0,10,20.6,13.4,87.0,12.1,60,0,71206,0,0
436,5,9,2,False,2021-08-14T14:00:00Z,1,0,1,90,0,0,0,1,0,0,0,0,0,0,0,14,12.8,31.2,1.0,4.5,55,0,107318,0,0
437,5,9,0,False,2021-08-14T14:00:00Z,1,0,1,0,0,0,0,0,0,0,0,0,0,0,0,0,0.0,0.0,0.0,0.0,50,0,117436,0,0
438,5,9,0,False,2021-08-14T14:00:00Z,1,0,1,0,0,0,0,0,0,0,0,0,0,0,0,0,0.0,0.0,0.0,0.0,55,0,710,0,0
439,5,9,2,False,2021-08-14T14:00:00Z,1,0,1,90,0,0,0,1,0,0,0,0,0,0,0,17,24.6,1.4,53.0,7.9,45,0,11773,0,0
440,5,9,1,False,2021-08-14T14:00:00Z,1,0,1,4,0,0,0,0,0,0,0,0,0,0,0,2,0.0,0.4,20.0,2.0,45,0,30702,0,0
441,5,9,0,False,2021-08-14T14:00:00Z,1,0,1,0,0,0,0,0,0,0,0,0,0,0,0,0,0.0,0.0,0.0,0.0,65,0,2873,0,0
442,5,9,0,False,2021-08-14T14:00:00Z,1,0,1,0,0,0,0,0,0,0,0,0,0,0,0,0,0.0,0.0,0.0,0.0,45,0,20548,0,0
443,5,9,1,False,2021-08-14T14:00:00Z,1,0,1,90,0,0,0,1,0,0,0,1,0,0,0,6,13.6,16.7,6.0,3.6,40,0,134452,0,0
444,5,9,0,False,2021-08-14T14:00:00Z,1,0,1,0,0,0,0,0,0,0,0,0,0,0,0,0,0.0,0.0,0.0,0.0,40,0,80400,0,0
445,5,9,1,False,2021-08-14T14:00:00Z,1,0,1,1,0,0,0,0,0,0,0,0,0,0,0,3,0.0,0.0,0.0,0.0,60,0,59391,0,0
446,5,9,0,False,2021-08-14T14:00:00Z,1,0,1,0,0,0,0,0,0,0,0,0,0,0,0,0,0.0,0.0,0.0,0.0,45,0,2407,0,0
452,5,9,0,False,2021-08-14T14:00:00Z,1,0,1,0,0,0,0,0,0,0,0,0,0,0,0,0,0.0,0.0,0.0,0.0,45,0,14394,0,0
461,5,9,2,False,2021-08-14T14:00:00Z,1,0,1,85,0,0,0,1,0,0,0,0,0,0,0,10,15.0,22.3,27.0,6.4,60,0,30883,0,0
470,5,9,0,False,2021-08-14T14:00:00Z,1,0,1,0,0,0,0,0,0,0,0,0,0,0,0,0,0.0,0.0,0.0,0.0,45,0,44020,0,0
475,5,9,3,False,2021-08-14T14:00:00Z,1,0,1,90,0,0,0,1,0,0,0,0,0,4,0,17,26.2,0.0,0.0,2.6,50,0,23035,0,0
523,5,9,0,False,2021-08-14T14:00:00Z,1,0,1,0,0,0,0,0,0,0,0,0,0,0,0,0,0.0,0.0,0.0,0.0,50,0,17822,0,0
547,5,9,0,False,2021-08-14T14:00:00Z,1,0,1,0,0,0,0,0,0,0,0,0,0,0,0,0,0.0,0.0,0.0,0.0,45,0,0,0,0
548,5,9,0,False,2021-08-14T14:00:00Z,1,0,1,0,0,0,0,0,0,0,0,0,0,0,0,0,0.0,0.0,0.0,0.0,45,0,0,0,0
549,5,9,0,False,2021-08-14T14:00:00Z,1,0,1,0,0,0,0,0,0,0,0,0,0,0,0,0,0.0,0.0,0.0,0.0,40,0,0,0,0
